"Choi matrices from t=0 to t=1000 log spaced, 100 points. Initial state of environment generated with SeedRandom[33039];Ïˆ=RandomChainProductState[L-1];"
0.49514228279292904,0.009851474272219505+0.0471647895939857*I,0.00973081468248756+0.04718095706884546*I,0.4211491868471168-0.18825342114410526*I,0.009851474272219525-0.04716478959398578*I,0.0048566489344520685,0.004856752704614617+2.3472604522288273*^-7*I,-0.009966915207418091-0.04714922463137822*I,0.009730814682487578-0.04718095706884545*I,0.004856752704614615-2.347260452227633*^-7*I,0.004857717207019162,-0.009851474272019422-0.04716478959420176*I,0.421149186847117+0.18825342114410581*I,-0.009966915207418095+0.04714922463137824*I,-0.009851474272019416+0.04716478959420186*I,0.4951433510657419
0.49418313351347526,0.011759095608424003+0.05114499352054238*I,0.011600374036237837+0.05116835427842779*I,0.40577412375896016-0.2029046953979434*I,0.011759095608424003-0.05114499352054239*I,0.0058150112156163435,0.005815191734058808-1.2688388077580501*^-6*I,-0.011939215532534598-0.051118274948847686*I,0.011600374036237829-0.05116835427842767*I,0.005815191734058797+1.268838807758213*^-6*I,0.0058168664864680026,-0.011759095608277658-0.05114499352074228*I,0.40577412375896077+0.20290469539794306*I,-0.011939215532534554+0.0511182749488476*I,-0.011759095608277658+0.0511449935207424*I,0.4941849887845823
0.4930429052728003,0.014011532620998829+0.05532254200544025*I,0.01380311462895382+0.05535624040452745*I,0.3875706121510503-0.2178902725567471*I,0.01401153262099883-0.05532254200544007*I,0.006953877980022182,0.006954191118640971-4.360758783022137*^-6*I,-0.014288084782427019-0.0552773863937325*I,0.0138031146289538-0.05535624040452741*I,0.006954191118640961+4.360758783021975*^-6*I,0.006957094727144726,-0.014011532620907149-0.05532254200561096*I,0.3875706121510499+0.21789027255674717*I,-0.01428808478242702+0.055277386393732475*I,-0.014011532620907149+0.055322542005610764*I,0.49304612202018305
0.4916910958579254,0.016660256076965637+0.05965994813915688*I,0.016387174597339238+0.059708459770034306*I,0.3660926457285934-0.2329282309731047*I,0.016660256076965637-0.059659948139156954*I,0.008303338106387248,0.008303879323326274-0.00001024864307937416*I,-0.017078976672055816-0.05958464532409516*I,0.016387174597339273-0.05970845977003439*I,0.008303879323326274+0.000010248643079374354*I,0.008308904142024825,-0.016660256076925947-0.05965994813928276*I,0.36609264572859285+0.23292823097310442*I,-0.01707897667205584+0.05958464532409497*I,-0.016660256076925915+0.05965994813928293*I,0.4916966618938269
0.4900937237251646,0.019759412100440178+0.06410041317054295*I,0.01940254163354112+0.06417007636745231*I,0.34085768089552904-0.24762511326842762*I,0.019759412100440195-0.06410041317054281*I,0.009896669158801108,0.009897600240125825-0.00002092668521825759*I,-0.020385341779693287-0.06397633547840934*I,0.019402541633541156-0.06417007636745206*I,0.009897600240125863+0.000020926685218257564*I,0.009906276274801005,-0.019759412100444823-0.06410041317060652*I,0.3408576808955278+0.24762511326842737*I,-0.020385341779693318+0.06397633547840934*I,-0.019759412100444813+0.06410041317060645*I,0.49010333084142715
0.48821373145666735,0.02336326686388831+0.06856233866391209*I,0.022898365921027303+0.06866207510420747*I,0.31136097735390267-0.2614465596920897*I,0.02336326686388828-0.06856233866391208*I,0.011769737060641158,0.01177132936540731-0.00003962667852677474*I,-0.02428754006494797-0.06836019839822692*I,0.02289836592102731-0.06866207510420749*I,0.01177132936540729+0.000039626678526775236*I,0.011786268543322397,-0.023363266863922996-0.06856233866389563*I,0.3113609773539029+0.26144655969208913*I,-0.02428754006494798+0.06836019839822707*I,-0.02336326686392298+0.06856233866389572*I,0.488230262939607
0.48601188580450366,0.02752200626587944+0.07293291545902718*I,0.026918650555879362+0.07307519073973905*I,0.27710097754947-0.27368351439732275*I,0.027522006265879417-0.07293291545902703*I,0.013959774117950572,0.013962476617062703-0.00007148713647868919*I,-0.028870078121163278-0.07260727028489228*I,0.026918650555879376-0.07307519073973888*I,0.013962476617062715+0.00007148713647868899*I,0.01398811419551849,-0.027522006265922005-0.07293291545891513*I,0.2771009775494698+0.27368351439732297*I,-0.02887007812116325+0.0726072702848923*I,-0.02752200626592201+0.07293291545891545*I,0.48604022588232315
0.48344840253004645,0.03227522725132888+0.07706097241337366*I,0.031495690163829915+0.07726304933029174*I,0.23762053420415757-0.28341529586072023*I,0.03227522725132897-0.0770609724133738*I,0.016503236862874377,0.016507779000279065-0.00012451248545132886*I,-0.034216063146173974-0.07654240038983137*I,0.03149569016382997-0.07726304933029197*I,0.016507779000279138+0.0001245124854513284*I,0.01655159747001611,-0.03227522725134872-0.07706097241315746*I,0.23762053420415807+0.2834152958607203*I,-0.03421606314617401+0.07654240038983123*I,-0.03227522725134871+0.07706097241315728*I,0.4834967631374353
0.48048558848204,0.03764229001692616+0.08074956194395527*I,0.036640480810793664+0.08103509078377837*I,0.19257020758818616-0.2894725771611165*I,0.037642290016926164-0.08074956194395547*I,0.019432351564375033,0.019439889387678735-0.00021088550316175893*I,-0.040397195419788604-0.07993397610498543*I,0.03664048081079367-0.08103509078377824*I,0.019439889387678776+0.00021088550316175882*I,0.019514411518068743,-0.037642290016885564-0.08074956194363608*I,0.19257020758818727+0.2894725771611166*I,-0.0403971954197886+0.07993397610498516*I,-0.03764229001688568+0.08074956194363608*I,0.480567648435977
0.47709185388431463,0.043608556588687876+0.08374924392694715*I,0.04232920950682549+0.08415020653085313*I,0.14180127331816084-0.2904062238235977*I,0.0436085565886879-0.08374924392694695*I,0.022769864973627207,0.022782167223079786-0.0003486447242467466*I,-0.047456868263218516-0.08248417582809676*I,0.042329209506825456-0.08415020653085309*I,0.02278216722307973+0.0003486447242467448*I,0.022908146115841306,-0.0436085565885466-0.08374924392654416*I,0.14180127331816075+0.290406223823598*I,-0.04745686826321844+0.08248417582809689*I,-0.043608556588546725+0.08374924392654418*I,0.47723013502677436
0.4732474822193886,0.050106493718626535+0.08575378664266325*I,0.0484849278311241+0.0863127509406569*I,0.08549707457379735-0.2844725247397801*I,0.05010649371862658-0.08575378664266316*I,0.026521470882827757,0.026541104270338726-0.0005636004132871088*I,-0.055383080945112774-0.08382247531404662*I,0.048484927831124056-0.08631275094065675*I,0.02654110427033874+0.0005636004132871084*I,0.02675251778080305,-0.050106493718351026-0.08575378664221822*I,0.0854970745737976+0.2844725247397801*I,-0.055383080945112816+0.08382247531404682*I,-0.05010649371835102+0.08575378664221833*I,0.4734785291176224
0.46895251044781344,0.056990804161980504+0.08640112462595091*I,0.054953770601325176+0.0871736545433503*I,0.024351022965213232-0.2696522760840446*I,0.05699080416198056-0.08640112462595126*I,0.030665464253329413,0.03069584142337072-0.0008910693474270144*I,-0.06406717360056238-0.0835074503645386*I,0.05495377060132515-0.0871736545433501*I,0.030695841423370725+0.0008910693474270175*I,0.031047489552394676,-0.056990804161557246-0.08640112462553082*I,0.024351022965213125+0.26965227608404446*I,-0.06406717360056227+0.08350745036453845*I,-0.0569908041615572+0.0864011246255307*I,0.4693345357471532
0.4642368933115287,0.06400741138312699+0.0852839696065529*I,0.06147586211554647+0.08634084438696041*I,-0.04020379438125156-0.2437310526374036*I,0.06400741138312695-0.08528396960655292*I,0.035139545694562145,0.03518448159572255-0.0013764714984190966*I,-0.0732445674779997-0.08104544784252511*I,0.06147586211554643-0.08634084438695998*I,0.03518448159572261+0.001376471498419096*I,0.03576310668866217,-0.06400741138258-0.08528396960623982*I,-0.040203794381251996+0.24373105263740355*I,-0.07324456747799964+0.08104544784252482*I,-0.06400741138258009+0.08528396960624009*I,0.4648604543059147
0.45917268076483203,0.07075765261842168+0.08197643973740064*I,0.06765279764135237+0.08340502609441448*I,-0.10571776977766624-0.2044809682779305*I,0.07075765261842186-0.08197643973740029*I,0.03982563798098534,0.03988760531785968-0.002072977598261528*I,-0.08241620517607813-0.07593948632365277*I,0.06765279764135244-0.08340502609441454*I,0.0398876053178596+0.0020729775982615273*I,0.04082731923530085,-0.07075765261782693-0.08197643973727346*I,-0.10571776977766612+0.20448096827793033*I,-0.08241620517607821+0.07593948632365304*I,-0.07075765261782693+0.08197643973727313*I,0.4601743620194192
0.4538870503908236,0.07666202479017681+0.07608518352151371*I,0.07291695645378769+0.0779888055129722*I,-0.16842511843273977-0.14999894777679218*I,0.07666202479017675-0.07608518352151393*I,0.044535503518227555,0.04461089753707221-0.003033273717755677*I,-0.09075684554217499-0.06778699764953791*I,0.07291695645378768-0.07798880551297223*I,0.044610897537072244+0.0030332737177556704*I,0.04611294960922201,-0.07666202478965821-0.07608518352160586*I,-0.1684251184327396+0.1499989477767922*I,-0.09075684554217503+0.06778699764953817*I,-0.07666202478965822+0.07608518352160568*I,0.455464496482018
0.44857348787871787,0.08093305547761295+0.06733492106145397*I,0.0765137449412008+0.06982825785002093*I,-0.22298338129078812-0.07926813406853837*I,0.08093305547761295-0.06733492106145378*I,0.04900337815476856,0.049071534659243105-0.004291521432891727*I,-0.09703262112540034-0.05644790406929296*I,0.07651374494120088-0.06982825785002059*I,0.049071534659243105+0.004291521432891721*I,0.05142651212124211,-0.08093305547730356-0.06733492106170906*I,-0.22298338129078832+0.07926813406853846*I,-0.0970326211254005+0.056447904069293085*I,-0.08093305547730371+0.06733492106170935*I,0.4509966218452368
0.44349601284472573,0.08257512337506485+0.055697291549053236*I,0.07751693825670421+0.05889445268801926*I,-0.26237672845725873+0.006994455905632687*I,0.08257512337506497-0.05569729154905325*I,0.05289708549050505,0.05289729209007445-0.005831903409394463*I,-0.09957926355773557-0.04229831687094772*I,0.07751693825670411-0.058894452688019336*I,0.05289729209007451+0.00583190340939446*I,0.05650398715519886,-0.08257512337502372-0.05569729154930733*I,-0.26237672845725846-0.00699445590563268*I,-0.09957926355773558+0.04229831687094781*I,-0.08257512337502357+0.05569729154930743*I,0.44710291450923845
0.43897816889207536,0.08044053128923212+0.041564939999398025*I,0.07490935343196513+0.04555447996564325*I,-0.2781993849665391+0.10518376915399215*I,0.08044053128923201-0.04156493999939814*I,0.05586552945021435,0.05565287050717894-0.007544145352981516*I,-0.09643401652282431-0.0265572653383414*I,0.07490935343196516-0.0455544799656433*I,0.05565287050717907+0.007544145352981523*I,0.06102183110790573,-0.08044053128935127-0.04156493999944113*I,-0.27819938496653923-0.10518376915399173*I,-0.09643401652282449+0.02655726533834149*I,-0.08044053128935123+0.04156493999944079*I,0.44413447054936095
0.435365321363376,0.0733840415069191+0.02595437546831237*I,0.06777288794702549+0.030751523462920313*I,-0.2616443598513727+0.2074489345952333*I,0.07338404150691917-0.025954375468312314*I,0.057644896330123686,0.056912478877122606-0.009177699700143743*I,-0.08575451069465312-0.011606508396149576*I,0.06777288794702542-0.030751523462920753*I,0.056912478877122606+0.009177699700143746*I,0.06463467863673614,-0.07338404150692591-0.025954375468049583*I,-0.2616443598513728-0.2074489345952338*I,-0.08575451069465334+0.011606508396149273*I,-0.07338404150692589+0.025954375468049618*I,0.4423551036694828
0.4329479624818168,0.06056588458563786+0.010684389594159191*I,0.05563358174000645+0.016144981590300457*I,-0.20559750593782408+0.30049211630080336*I,0.06056588458563789-0.010684389594159125*I,0.05824023782993564,0.05639527231590833-0.010327745869161527*I,-0.06665293486282074-0.0011033905117903645*I,0.055633581740006474-0.01614498159030053*I,0.056395272315908164+0.010327745869161548*I,0.06705203751839837,-0.06056588458528523-0.010684389593763076*I,-0.20559750593782353-0.3004921163008028*I,-0.06665293486282083+0.0011033905117902836*I,-0.06056588458528525+0.010684389593763253*I,0.44175976216988233
0.43184011211683304,0.041940554563799255-0.0015824748016347006*I,0.038977731894616716+0.004092506693779817*I,-0.10815238075540402+0.3653135703227136*I,0.041940554563799276+0.0015824748016346909*I,0.058168808297808905,0.054159606571428875-0.010513704787795475*I,-0.040436853696750256+0.00046499818567621604*I,0.038977731894616514-0.004092506693779998*I,0.05415960657142872+0.010513704787795456*I,0.06815988788334833,-0.04194055456314762+0.0015824748018141025*I,-0.10815238075540407-0.36531357032271417*I,-0.04043685369675026-0.00046499818567616487*I,-0.04194055456314756-0.0015824748018141961*I,0.44183119170220264
0.431828316594794,0.018907593440935073-0.007620406589150991*I,0.019860942160730304-0.0027083526613330086*I,0.022608624967604834+0.3792331023906573*I,0.018907593440935146+0.007620406589150958*I,0.05868009786889663,0.0507995541654939-0.009421495297456048*I,-0.011872035932512735-0.010790236813904912*I,0.019860942160730213+0.0027083526613331196*I,0.050799554165493865+0.009421495297456001*I,0.06817168340523717,-0.018907593440359985+0.007620406588955926*I,0.02260862496760502-0.37923310239065744*I,-0.01187203593251276+0.01079023681390472*I,-0.018907593440360044-0.00762040658895593*I,0.4413199021311292
0.4322509583860384,-0.005045800699602189-0.004470196766655506*I,0.002341778141068074-0.0021153160893343445*I,0.163858954938022+0.32185636271141094*I,-0.005045800699602147+0.0044701967666554866*I,0.06175701643342266,0.047501539396725294-0.007321107762090578*I,0.010535321536059877-0.03558952543112487*I,0.0023417781410682206+0.002115316089334256*I,0.04750153939672536+0.00732110776209055*I,0.0677490416138903,0.005045800699816208+0.004470196766350727*I,0.16385895493802125-0.32185636271140977*I,0.010535321536059941+0.035589525431125126*I,0.005045800699816135-0.004470196766350634*I,0.43824298356658165
0.43203163837333713,-0.02413179142281364+0.009042492442548811*I,-0.007796651711685128+0.005980813672588618*I,0.2764957499198861+0.18604420364095345*I,-0.024131791422813628-0.009042492442548832*I,0.06961761034965457,0.045746254118364936-0.00547532873572965*I,0.01672582353407441-0.06853332565767638*I,-0.007796651711685291-0.00598081367258864*I,0.04574625411836515+0.0054753287357296385*I,0.0679683616266518,0.024131791422799236-0.009042492442564222*I,0.27649574991988607-0.1860442036409534*I,0.016725823534074483+0.06853332565767617*I,0.024131791422799254+0.00904249244256409*I,0.4303823896504818
0.4300381629215999,-0.031187927756429742+0.03033579976111034*I,-0.004759527705007841+0.018015499581347873*I,0.31205856045350955-0.00776949623026569*I,-0.03118792775642975-0.030335799761110283*I,0.08354577982656727,0.04651367087591559-0.006042553991555477*I,0.0005823590703547185-0.09706732782103465*I,-0.004759527705007772-0.01801549958134794*I,0.046513670875915465+0.006042553991555483*I,0.06996183707853104,0.031187927756585167-0.030335799760809756*I,0.3120585604535081+0.007769496230265746*I,0.0005823590703547345+0.09706732782103475*I,0.031187927756585188+0.03033579976080973*I,0.41645422017362727
0.4258741553987102,-0.020498836899267427+0.051652541034230275*I,0.013688334284561792+0.026187022832370944*I,0.2332951425928001-0.20121909001583593*I,-0.02049883689926736-0.051652541034230476*I,0.10238768713758237,0.0492480608367633-0.010844875097591902*I,-0.03337818611841544-0.10554753599181908*I,0.01368833428456181-0.026187022832370933*I,0.04924806083676325+0.010844875097591938*I,0.0741258446014217,0.02049883689972444-0.051652541034088104*I,0.23329514259279993+0.2012190900158364*I,-0.03337818611841536+0.10554753599181893*I,0.02049883689972452+0.05165254103408818*I,0.39761231286243287
0.4208875671273121,0.007499583611264612+0.061146123685175593*I,0.04172307735135575+0.020971730590113768*I,0.04744604648073777-0.30601318070762706*I,0.007499583611264819-0.06114612368517569*I,0.12185459442023909,0.05152508271550809-0.019079641165276575*I,-0.0685527401179516-0.0850360105559202*I,0.04172307735135571-0.020971730590113726*I,0.05152508271550827+0.019079641165276613*I,0.07911243287268363,-0.007499583610967743-0.0611461236853366*I,0.04744604648073786+0.30601318070762645*I,-0.06855274011795162+0.08503601055592025*I,-0.007499583610967674+0.061146123685336694*I,0.37814540557972015
0.41854430045490926,0.041869977341109574+0.048566547304829455*I,0.06354942819909137-0.001868729206817794*I,-0.1646771806413303-0.24619679228348879*I,0.041869977341109386-0.048566547304829594*I,0.1359699942454091,0.0505873159210079-0.025955425999799688*I,-0.08613353310217256-0.04220207585075257*I,0.06354942819909129+0.0018687292068178393*I,0.050587315921007875+0.025955425999799667*I,0.08145569954512549,-0.04186997734104575-0.048566547304755764*I,-0.1646771806413302+0.2461967922834887*I,-0.08613353310217252+0.042202075850752585*I,-0.04186997734104577+0.0485665473047557*I,0.36403000575467787
0.42277195299353787,0.06263608277813627+0.015093513854402593*I,0.05978454457770787-0.03230428066461605*I,-0.2623420025444943-0.03208526298250208*I,0.06263608277813633-0.015093513854402548*I,0.14035642493787284,0.04636804851517427-0.02562150268526956*I,-0.08016413493028354+0.003789361802507823*I,0.05978454457770783+0.03230428066461616*I,0.04636804851517419+0.02562150268526952*I,0.07722804700662969,-0.0626360827777595-0.015093513854099232*I,-0.2623420025444942+0.03208526298250203*I,-0.08016413493028353-0.0037893618025078286*I,-0.06263608277775944+0.015093513854099202*I,0.35964357506235556
0.43370122184951376,0.05395354126183815-0.019654169595385716*I,0.024676856215680085-0.04497341542718527*I,-0.13998169342628058+0.1866003969002197*I,0.053953541261838225+0.019654169595385712*I,0.1347337468037082,0.04272326255464049-0.01835138177007598*I,-0.05833569189030975+0.03462727959818076*I,0.024676856215680127+0.044973415427185214*I,0.0427232625546405+0.018351381770075958*I,0.06629877815050467,-0.053953541261392915+0.01965416959525861*I,-0.13998169342628042-0.18660039690021918*I,-0.058335691890309696-0.03462727959818095*I,-0.05395354126139278-0.019654169595258675*I,0.36526625319661116
0.44383288446394803,0.025192665716727774-0.026760359782711466*I,-0.01732286793403337-0.018741946433828115*I,0.12870130770045668+0.1915569072139518*I,0.025192665716727725+0.026760359782711542*I,0.12364449460458314,0.0438749233254514-0.013433801549083408*I,-0.03017544231556276+0.03566597789028567*I,-0.017322867934033384+0.018741946433828066*I,0.04387492332545145+0.013433801549083422*I,0.05616711553610512,-0.025192665716682407+0.0267603597828186*I,0.12870130770045657-0.19155690721395205*I,-0.030175442315562705-0.03566597789028561*I,-0.025192665716682362-0.026760359782818655*I,0.37635550539533386
0.44193920110980056,0.01579271619672176+0.0014521598615588756*I,-0.023796776833716407+0.029376089333725954*I,0.2704561060232182-0.06777355683495845*I,0.01579271619672171-0.0014521598615586527*I,0.11756653592140304,0.048797712660745125-0.019318648448350913*I,-0.019650427927041247-0.0023693984502314975*I,-0.023796776833716383-0.029376089333725958*I,0.048797712660745+0.019318648448350906*I,0.058060798890281894,-0.015792716196206088-0.0014521598615772604*I,0.2704561060232187+0.06777355683495855*I,-0.019650427927041345+0.002369398450231585*I,-0.015792716196205977+0.0014521598615772208*I,0.382433464078746
0.4275066524865422,0.05618068244208917+0.028854183200655997*I,0.012298130914775812+0.042893902914036115*I,0.09984657206032124-0.3004491106575164*I,0.05618068244208919-0.028854183200656112*I,0.12616816475842751,0.048667477005877-0.030676862402864585*I,-0.06266233705271496-0.03879597548893207*I,0.012298130914775806-0.04289390291403631*I,0.04866747700587707+0.030676862402864567*I,0.07249334751349494,-0.056180682442132104-0.028854183200517972*I,0.09984657206032135+0.30044911065751606*I,-0.06266233705271522+0.0387959754889321*I,-0.056180682442132084+0.02885418320051798*I,0.37383183524183344
0.41827763399976636,0.11372361500395724+0.01420416417787618*I,0.03169485617500945+0.00031473600806461357*I,-0.1350587892961484-0.17634882912854036*I,0.11372361500395738-0.014204164177876224*I,0.13649599504878482,0.03348946889326766-0.02717649864799066*I,-0.10468680243535519-0.003570355988286905*I,0.03169485617500939-0.0003147360080646733*I,0.03348946889326748+0.027176498647990627*I,0.08172236600028913,-0.11372361500360043-0.014204164177890704*I,-0.1350587892961485+0.17634882912853977*I,-0.10468680243535533+0.003570355988286843*I,-0.11372361500360052+0.014204164177890702*I,0.3635040049512706
0.4261315934427293,0.1197996923608221-0.016331057595812798*I,-0.005018308382021965-0.02692194356252572*I,-0.047676493606084454+0.12572712939180553*I,0.11979969236082257+0.016331057595812774*I,0.12708957645653532,0.016972805380636845+0.005207562638872605*I,-0.0609127894681576+0.03599022338611182*I,-0.005018308382022009+0.02692194356252569*I,0.016972805380636856-0.005207562638872628*I,0.07386840655740648,-0.11979969236040015+0.01633105759597498*I,-0.04767649360608453-0.1257271293918053*I,-0.06091278946815762-0.03599022338611183*I,-0.11979969236040047-0.01633105759597501*I,0.37291042354342496
0.43190875053839745,0.07483966624553547-0.0003400430560220823*I,-0.03197953059405085+0.007552724561787476*I,0.20586546369556633+0.16481970598442708*I,0.07483966624553517+0.00034004305602205125*I,0.11666511123184702,0.024348967310304746+0.025159724346093742*I,-0.037809724072812155+0.004495820386354029*I,-0.031979530594050766-0.00755272456178734*I,0.02434896731030479-0.025159724346093655*I,0.06809124946159481,-0.07483966624543445+0.0003400430559513828*I,0.2058654636955674-0.16481970598442713*I,-0.03780972407281213-0.004495820386354017*I,-0.0748396662454345-0.0003400430559513539*I,0.3833348887681452
0.420308840811805,0.052555963660758466+0.05001472311615942*I,-0.010029314109690388+0.029389002855294347*I,0.1790384006084222-0.015295234777756541*I,0.052555963660758445-0.05001472311615955*I,0.11906596110108454,0.021923275332518553-0.0019824089080565555*I,-0.053948905713777744-0.007340795735766499*I,-0.010029314109690421-0.02938900285529435*I,0.02192327533251852+0.00198240890805651*I,0.0796911591882881,-0.052555963660385584-0.05001472311603484*I,0.17903840060842208+0.01529523477775663*I,-0.05394890571377766+0.007340795735766504*I,-0.05255596366038553+0.050014723116035074*I,0.3809340388992437
0.4074925886028782,0.06518010445826912+0.05932471777553643*I,0.006472224640517036+0.016120175647290038*I,-0.06899270179573942-0.001652907339548548*I,0.06518010445826908-0.05932471777553641*I,0.12276807840151015,0.016059529580967045-0.008366206679933232*I,-0.051086784009481495-0.005813852253563821*I,0.006472224640516881-0.01612017564729007*I,0.016059529580967076+0.008366206679933217*I,0.09250741139722188,-0.06518010445804243-0.0593247177753424*I,-0.06899270179573934+0.0016529073395480885*I,-0.05108678400948178+0.00581385225356384*I,-0.06518010445804241+0.05932471777534234*I,0.3772319215986158
0.3993962957982997,0.04107150046222756+0.024717015352943895*I,0.0158032900300282+0.01113285253447481*I,-0.02579480057119884+0.12289907747276903*I,0.04107150046222751-0.02471701535294387*I,0.12320903466242604,0.057357516801882495+0.002418442434201273*I,-0.04685719997273905+0.007098841245919647*I,0.015803290030028137-0.011132852534474796*I,0.057357516801882544-0.002418442434201255*I,0.10060370420175811,-0.04107150046210881-0.024717015352841973*I,-0.025794800571198886-0.12289907747276889*I,-0.046857199972739016-0.007098841245919733*I,-0.041071500462108966+0.024717015352842025*I,0.3767909653374829
0.3968708658973859,0.0283208599705268+0.01251690042156941*I,0.009165270986459565-0.0049136442094628715*I,0.02127680805300973-0.052349599272386256*I,0.028320859970526895-0.012516900421569405*I,0.10735892456365735,0.05840253866159905-0.0161082688096522*I,-0.033251602993867216+0.04006162275607615*I,0.009165270986459575+0.004913644209462855*I,0.05840253866159914+0.016108268809652264*I,0.10312913410265122,-0.02832085997045019-0.012516900421495015*I,0.021276808053009823+0.052349599272386166*I,-0.03325160299386725-0.04006162275607625*I,-0.02832085997045005+0.012516900421494994*I,0.392641075436411
0.400951252620149,0.053991934717534586-0.022458638575479598*I,-0.019846088950280522-0.0007964792304680731*I,-0.09509029557413805-0.023237794182739826*I,0.053991934717534606+0.02245863857547963*I,0.09172636182628208,0.03068865726973925+0.01390806545046685*I,-0.014170762050075333-0.016162208787846223*I,-0.019846088950280647+0.0007964792304680846*I,0.03068865726973921-0.013908065450466836*I,0.0990487473799844,-0.0539919347171463+0.02245863857565874*I,-0.0950902955741381+0.0232377941827398*I,-0.014170762050075376+0.01616220878784619*I,-0.053991934717146146-0.02245863857565853*I,0.40827363817373463
0.40567289814984614,0.047290200148984204-0.0485077355252399*I,0.004386414119656969-0.0226013901685284*I,0.0635901592481082-0.01374976315659351*I,0.04729020014898409+0.04850773552523992*I,0.09563430829791794,0.04190419475795973-0.007353027820206061*I,-0.06193636355941458+0.04186803959981799*I,0.00438641411965699+0.02260139016852827*I,0.04190419475795968+0.007353027820206043*I,0.09432710185016227,-0.047290200148753805+0.04850773552514611*I,0.06359015924810826+0.01374976315659341*I,-0.06193636355941442-0.04186803959981799*I,-0.04729020014875375-0.04850773552514613*I,0.40436569170199166
0.42928530401521714,0.08565603734650228-0.015307492047289052*I,0.0035578341711326907-0.00736749648501639*I,0.06473521928584194-0.10781255355091816*I,0.08565603734650261+0.015307492047289066*I,0.07726053459566996,0.014721370324563023+0.004568790527188634*I,-0.01340805813155507-0.039166117227602056*I,0.0035578341711327253+0.007367496485016428*I,0.014721370324563035-0.004568790527188645*I,0.07071469598492654,-0.08565603734625138+0.015307492047567458*I,0.06473521928584157+0.10781255355091808*I,-0.01340805813155509+0.03916611722760207*I,-0.08565603734625139-0.015307492047567423*I,0.4227394654042967
0.4274608444435281,0.0665880654036021-0.011110694064211071*I,0.014673443256861863-0.0065211657597455085*I,0.13249179499893135+0.15542650292945523*I,0.06658806540360214+0.011110694064211142*I,0.08036042115022397,0.021203572064271207-0.0032624069649161893*I,-0.05559659170521168+0.051598998335804884*I,0.014673443256861667+0.006521165759745514*I,0.021203572064271172+0.0032624069649162145*I,0.07253915555648471,-0.06658806540338474+0.011110694064153567*I,0.13249179499893093-0.15542650292945479*I,-0.05559659170521177-0.05159899833580473*I,-0.06658806540338472-0.01111069406415357*I,0.4196395788498074
0.4063834788782915,0.054117231650082726+0.03844022760438903*I,0.015106774255847326+0.032042944398633116*I,-0.10298921991540622-0.030547541584553348*I,0.05411723165008276-0.03844022760438904*I,0.10388640394547938,0.03666518697669232+0.01976677449632509*I,-0.07663649985973027-0.07041071934706614*I,0.015106774255847331-0.032042944398633214*I,0.03666518697669241-0.019766774496325027*I,0.09361652112170919,-0.054117231649945495-0.03844022760446373*I,-0.10298921991540623+0.030547541584553584*I,-0.07663649985973016+0.07041071934706604*I,-0.05411723164994552+0.03844022760446374*I,0.3961135960543572
0.4159134518294272,0.0021377303760276873-0.002906453787653093*I,-0.029485207682428044-0.00012043647459615347*I,0.12015224170381339-0.044304815933799854*I,0.0021377303760278217+0.002906453787653086*I,0.11641808991654855,0.029824610049981742-0.010157751188412221*I,-0.0038710948226757724-0.010292789294120688*I,-0.029485207682427895+0.00012043647459612401*I,0.029824610049981753+0.010157751188412195*I,0.08408654817060453,-0.002137730375681587+0.002906453787599635*I,0.12015224170381343+0.04430481593380002*I,-0.003871094822675774+0.010292789294120738*I,-0.002137730375681485-0.002906453787599651*I,0.3835819100836571
0.4155147121250078,0.037837926855815746-0.048385191105164*I,0.007205199087743911-0.022953566572294647*I,0.05901113304657579+0.0993057526631448*I,0.03783792685581567+0.048385191105164004*I,0.1223846648968529,0.04730736972397802-0.010393914697259227*I,-0.062256557445759086+0.0687390203072711*I,0.007205199087743868+0.022953566572294654*I,0.04730736972397805+0.010393914697259215*I,0.0844852878750175,-0.03783792685551734+0.04838519110510123*I,0.05901113304657596-0.09930575266314492*I,-0.06225655744575914-0.06873902030727096*I,-0.03783792685551736-0.04838519110510127*I,0.37761533510327283
0.39858947727506877,0.07761357168489823+0.00017195734248254285*I,0.02143467732246076+0.0009719515431698062*I,-0.04907542579421287+0.02510479001793018*I,0.07761357168489835-0.0001719573424826107*I,0.11527457264883516,0.029037200253391012+0.010109831221171215*I,-0.09720921963267823+0.01640742651032382*I,0.021434677322460783-0.0009719515431697973*I,0.02903720025339108-0.010109831221171239*I,0.10141052272507024,-0.07761357168444658-0.0001719573422930576*I,-0.04907542579421303-0.02510479001793027*I,-0.09720921963267806-0.016407426510323755*I,-0.07761357168444663+0.00017195734229307456*I,0.3847254273513885
0.3938159800340826,0.041132168458387845+0.036840167851902035*I,0.01954261094950144+0.016973102467021276*I,-0.05979382571935213-0.06371969804302678*I,0.04113216845838786-0.03684016785190188*I,0.12156604869123505,0.037807474964916876+0.0023921262411467897*I,-0.07743414383275693+0.005363731033056347*I,0.019542610949501615-0.016973102467021283*I,0.037807474964916814-0.002392126241146793*I,0.10618401996595234,-0.04113216845816977-0.036840167851912325*I,-0.05979382571935225+0.06371969804302673*I,-0.0774341438327568-0.005363731033056272*I,-0.04113216845816988+0.03684016785191237*I,0.3784339513086482
0.3930698943401659,0.05420260872098533-0.004528550514938104*I,0.03111897623546253+0.000734104075416464*I,-0.042715661970885596-0.06904892233163129*I,0.05420260872098536+0.004528550514938138*I,0.09073204691265309,0.041956440644208795+0.008138906824476669*I,-0.060892829927653915+0.025377932495567974*I,0.03111897623546259-0.0007341040754164596*I,0.041956440644208656-0.008138906824476657*I,0.1069301056598558,-0.054202608720909956+0.004528550514973655*I,-0.04271566197088568+0.06904892233163112*I,-0.06089282992765388-0.025377932495568065*I,-0.05420260872090984-0.004528550514973644*I,0.40926795308753083
0.4119762960176027,0.056907588862541054-0.0027736347175936686*I,0.0032969998358273614+0.002749181927125187*I,0.04433758344974728-0.02101924553549796*I,0.05690758886254117+0.002773634717593703*I,0.08580626425413142,0.018904157009810074+0.002312223178341407*I,-0.05017139209212446-0.010334467484667662*I,0.0032969998358274395-0.0027491819271252137*I,0.018904157009810102-0.0023122231783414*I,0.08802370398244345,-0.056907588862292136+0.0027736347175974113*I,0.044337583449747274+0.021019245535498034*I,-0.050171392092124734+0.010334467484667684*I,-0.05690758886229202-0.002773634717597445*I,0.4141937357457598
0.4329228630144464,0.03420764043523822+0.009272428581025404*I,0.006879205014982524+0.0031826350307727113*I,0.0219803452787236+0.0360287583559153*I,0.03420764043523828-0.009272428581025395*I,0.11010896391423595,0.026340294183154214-0.004753084226634048*I,-0.02945848222109756-0.026210083271821148*I,0.006879205014982502-0.0031826350307727035*I,0.02634029418315427+0.004753084226634084*I,0.06707713698564585,-0.0342076404348635-0.009272428580935731*I,0.021980345278723674-0.03602875835591523*I,-0.02945848222109756+0.026210083271821262*I,-0.03420764043486347+0.009272428580935698*I,0.3898910360859373
0.40150368074234694,0.04932756314016769-0.0033431829078592835*I,0.01901125917757533+0.037521804745215145*I,0.019288044822823733-0.020830651514165074*I,0.04932756314016762+0.003343182907859293*I,0.14290477758392042,0.04646179170133767+0.006707680004448602*I,-0.0890513102176217-0.0006229238914164159*I,0.019011259177575422-0.03752180474521521*I,0.04646179170133766-0.006707680004448599*I,0.09849631925771637,-0.049327563139830236+0.0033431829078805517*I,0.0192880448228239+0.020830651514165122*I,-0.08905131021762153+0.0006229238914164484*I,-0.049327563139830166-0.0033431829078805625*I,0.35709522241617886
0.4019355185902731,0.057786411405751345+0.011317021577595416*I,0.044319347359004696+0.0002725865904979576*I,0.00633165749833083-0.000480146434249161*I,0.05778641140575142-0.011317021577595392*I,0.13742002371193868,0.026133533812640636-0.019709144805261467*I,-0.019477399243112124-0.007115575779950839*I,0.04431934735900468-0.0002725865904979625*I,0.02613353381264076+0.01970914480526165*I,0.0980644814098502,-0.05778641140551366-0.01131702157735574*I,0.006331657498330822+0.0004801464342491755*I,-0.01947739924311209+0.007115575779950849*I,-0.05778641140551362+0.011317021577355767*I,0.36257997628814953
0.3965303778828578,0.051283758840842256-0.009565296234350497*I,0.03364453676119625-0.0039196796153791414*I,0.048357719437941565+0.00910675004106572*I,0.05128375884084216+0.009565296234350432*I,0.10649487349131397,0.024413561491754485-0.004919127280782763*I,-0.06209513938824018+0.016430759491747236*I,0.03364453676119625+0.003919679615379095*I,0.024413561491754398+0.00491912728078279*I,0.10346962211714475,-0.05128375884082937+0.009565296234315058*I,0.048357719437941614-0.009106750041065734*I,-0.062095139388240086-0.01643075949174714*I,-0.05128375884082925-0.009565296234315167*I,0.39350512650846625
0.4187813172599766,0.043843147909063185+0.004078636358109773*I,0.024292220115343998+0.03751264493731282*I,-0.0496854664276494+0.003215169924169319*I,0.0438431479090631-0.004078636358109804*I,0.1044613723206577,0.026975867253598667-0.000626967994361532*I,-0.05923686689550625-0.033048408487237314*I,0.024292220115344015-0.037512644937312614*I,0.02697586725359867+0.0006269679943615596*I,0.08121868274002193,-0.04384314790909378-0.004078636358113173*I,-0.04968546642764958-0.003215169924169329*I,-0.0592368668955061+0.033048408487237294*I,-0.04384314790909373+0.004078636358113159*I,0.395538627679281
0.4197357158727192,0.055156909302969896+0.036707112276741796*I,0.03461235496178752+0.008562912579786508*I,0.015383945157390421-0.10003795961440264*I,0.055156909302969986-0.03670711227674176*I,0.1403657675450287,0.01921971480945084-0.004790261800714631*I,-0.09605694483479048-0.02599755592252231*I,0.034612354961787606-0.008562912579786516*I,0.019219714809450877+0.004790261800714621*I,0.08026428412734544,-0.05515690930231308-0.03670711227684252*I,0.015383945157390439+0.10003795961440283*I,-0.09605694483479038+0.025997555922522276*I,-0.055156909302313095+0.03670711227684262*I,0.3596342324553242
0.39944763050483845,0.04870660597688283+0.01242788155133599*I,0.03258248526944828+0.006777015171255043*I,-0.00007451013262936416-0.09394876516841172*I,0.04870660597688293-0.01242788155133608*I,0.12905582156287906,0.02797271674436943+0.001862595733169953*I,-0.07231226083159357-0.006238447886345049*I,0.03258248526944831-0.006777015171255061*I,0.02797271674436943-0.0018625957331699398*I,0.10055236949520527,-0.04870660597633022-0.01242788155148511*I,-0.0000745101326293981+0.09394876516841182*I,-0.07231226083159364+0.00623844788634505*I,-0.04870660597633027+0.012427881551485186*I,0.3709441784371748
0.39896041937091137,0.061701899545038394+0.01023647162763547*I,0.018762032320566672+0.015588766121541215*I,-0.04818966909393237-0.04578161478820664*I,0.06170189954503849-0.010236471627635493*I,0.11838073870099405,0.02454251369701619+0.011524526718707552*I,-0.02955766267827223-0.025670744682154373*I,0.01876203232056643-0.015588766121541149*I,0.024542513697016217-0.011524526718707614*I,0.10103958062924623,-0.06170189954476227-0.01023647162730575*I,-0.048189669093932345+0.0457816147882067*I,-0.0295576626782722+0.025670744682154335*I,-0.061701899544762295+0.010236471627305777*I,0.3816192612993309
0.41490481020106185,0.05706152430571401-0.004966005395430177*I,0.03458284626735451+0.010000156222192559*I,-0.021290291280304144+0.10019253599538513*I,0.05706152430571389+0.004966005395430155*I,0.1649306143314299,0.032541360161723605+0.01903620714249328*I,-0.06460188777822219+0.01710442648127362*I,0.03458284626735449-0.010000156222192583*I,0.032541360161723494-0.019036207142493225*I,0.08509518979900386,-0.05706152430531949+0.004966005395456297*I,-0.021290291280304074-0.10019253599538525*I,-0.0646018877782223-0.01710442648127364*I,-0.05706152430531958-0.004966005395456318*I,0.33506938566891936
0.4201736453094757,0.04470826727686849+0.018058214525986393*I,0.020357356705520024+0.036939966275991436*I,0.043401893101660725-0.103099606095417*I,0.04470826727686857-0.01805821452598637*I,0.13794327236780854,0.03470708986725361+0.008008395829313139*I,-0.05667779695046097-0.01018420202398481*I,0.020357356705519997-0.036939966275991346*I,0.03470708986725352-0.008008395829313132*I,0.07982635469059401,-0.04470826727646433-0.01805821452596042*I,0.04340189310166074+0.10309960609541699*I,-0.05667779695046096+0.010184202023984795*I,-0.04470826727646443+0.018058214525960365*I,0.36205672763238334
0.40795063141349447,0.04794388859438745+0.028566318309384157*I,0.0036179004537990403+0.011342082326827216*I,0.07418794892801844-0.01619304747426948*I,0.04794388859438745-0.02856631830938413*I,0.14891193674756725,0.016400761452011914-0.0011907802230557286*I,-0.053861356087844856-0.022661473266812397*I,0.003617900453799026-0.01134208232682728*I,0.016400761452011883+0.0011907802230556323*I,0.09204936858653125,-0.047943888594130006-0.028566318309440314*I,0.07418794892801843+0.016193047474269435*I,-0.0538613560878449+0.022661473266812383*I,-0.047943888594129805+0.02856631830944027*I,0.35108806325233094
0.41736003157436474,0.05587753007186439+0.0027100755556573293*I,-0.028753843915366055-0.019195903600022244*I,0.05594730705994745+0.0006505740480775778*I,0.055877530071864585-0.002710075555657295*I,0.1345696200301103,0.01304916760141658-0.015849340977519222*I,-0.06353991598429982-0.008781312901238774*I,-0.02875384391536621+0.0191959036000223*I,0.013049167601416622+0.015849340977519197*I,0.0826399684256219,-0.05587753007166302-0.0027100755557838046*I,0.05594730705994751-0.0006505740480776026*I,-0.06353991598429992+0.008781312901238741*I,-0.05587753007166315+0.0027100755557837963*I,0.36543037996993405
0.4068010272189626,0.05146304091077635+0.01597095110942598*I,0.03365260537831642-0.009435562614305549*I,-0.06117674443686456-0.0235477658013804*I,0.051463040910776275-0.015970951109426066*I,0.1554134271666221,0.02877919900300787-0.012172315711894864*I,-0.057458174788699315+0.0025693327660488772*I,0.03365260537831644+0.009435562614305552*I,0.0287791990030079+0.012172315711894808*I,0.09319897278117432,-0.05146304091028562-0.0159709511092674*I,-0.06117674443686457+0.023547765801380422*I,-0.05745817478869927-0.002569332766048879*I,-0.05146304091028567+0.015970951109267432*I,0.344586572833629
0.3937787145096135,0.07157708098990725+0.007712389922556557*I,0.02385630974232077+0.0054142298393510205*I,-0.07079068436448613-0.003316120379395003*I,0.07157708098990717-0.007712389922556594*I,0.14596531601100335,0.03227458433569841+0.007203348392750952*I,-0.06130999188519867-0.007104424011038999*I,0.023856309742320836-0.005414229839350967*I,0.03227458433569863-0.007203348392750895*I,0.10622128549048503,-0.07157708098976022-0.007712389922386889*I,-0.07079068436448659+0.00331612037939501*I,-0.06130999188519859+0.007104424011039013*I,-0.07157708098976012+0.007712389922386845*I,0.3540346839888454
0.40945081847217385,0.03888080421519546-0.01223832018159505*I,-0.007937140508536934-0.008248199214901913*I,0.0696505678185247+0.038735274190949465*I,0.03888080421519529+0.012238320181595095*I,0.1409705458297598,0.03082681673622729-0.01964344172106816*I,-0.04747820210877352+0.002610983648343927*I,-0.007937140508536911+0.008248199214901915*I,0.030826816736227225+0.019643441721068362*I,0.09054918152785683,-0.038880804214966584+0.012238320181562113*I,0.06965056781852465-0.03873527419094939*I,-0.047478202108773515-0.0026109836483438906*I,-0.038880804214966584-0.012238320181562082*I,0.3590294541700993
0.41292815418963147,0.040691861256266684+0.006243592961112897*I,0.022287337031616183+0.028420553011549728*I,0.11986774236980598-0.06706867272042318*I,0.0406918612562667-0.006243592961112916*I,0.15555209887499308,0.017570923661951923-0.0050344075110357565*I,-0.014267734797049594-0.0012874095040075874*I,0.022287337031616117-0.02842055301154978*I,0.017570923661951943+0.00503440751103577*I,0.08707184581033249,-0.040691861256182515-0.006243592961235501*I,0.11986774236980606+0.06706867272042337*I,-0.014267734797049417+0.0012874095040076269*I,-0.04069186125618228+0.006243592961235498*I,0.3444479011251777
0.407586545795951,0.03158989424439412-0.013376831317258682*I,0.029190070770396714-0.016587391449224814*I,0.045488589938629254-0.007711264872869432*I,0.031589894244394214+0.013376831317258751*I,0.15169768297599814,0.0047456774113379474-0.009818322476445394*I,-0.052128575219236375-0.004899333842342875*I,0.029190070770396648+0.016587391449224765*I,0.004745677411337951+0.009818322476445384*I,0.09241345420414657,-0.03158989424392753+0.013376831317324287*I,0.04548858993862932+0.007711264872869468*I,-0.05212857521923628+0.004899333842342871*I,-0.03158989424392745-0.013376831317324287*I,0.34830231702424375
0.4155470324569673,0.05899292528514779-0.0025160672819399266*I,0.029717726006181215-0.03242305295356291*I,-0.0987416745284365+0.026421483216001983*I,0.058992925285147865+0.002516067281939893*I,0.14215307231862237,0.0060148000150399014-0.012635981477123725*I,-0.05587577078139467+0.00942114064630298*I,0.02971772600618116+0.03242305295356292*I,0.006014800015039906+0.012635981477123743*I,0.08445296754313521,-0.05899292528468996+0.0025160672820164834*I,-0.09874167452843646-0.02642148321600184*I,-0.055875770781394614-0.009421140646302995*I,-0.05899292528469012-0.002516067282016499*I,0.35784692768148907
0.4071985187789714,0.03373143723665954+0.017899898473198502*I,0.019205587030521953+0.030055906923776333*I,-0.008259883800442899-0.04119350805194226*I,0.03373143723665961-0.017899898473198474*I,0.14402175414905274,0.019048942839156854-0.010618907723426819*I,-0.05379567599642102-0.011767798705469264*I,0.019205587030522168-0.030055906923776278*I,0.01904894283915676+0.010618907723426843*I,0.09280148122106283,-0.03373143723641164-0.01789989847320499*I,-0.00825988380044287+0.04119350805194213*I,-0.05379567599642115+0.01176779870546927*I,-0.033731437236411685+0.017899898473204993*I,0.3559782458510873
0.3880634494697811,0.050611683869927905-0.02153864661464796*I,0.05743905291791589-0.0323058476862234*I,-0.056805296933062854+0.05379548048490021*I,0.050611683869928+0.02153864661464801*I,0.16337361013110932,0.05140850958385995-0.01517686921237644*I,-0.061281098428185916+0.04466568797006609*I,0.05743905291791597+0.03230584768622339*I,0.05140850958386006+0.015176869212376447*I,0.1119365505303634,-0.05061168386953331+0.02153864661484362*I,-0.05680529693306294-0.053795480484900134*I,-0.061281098428185854-0.044665687970066044*I,-0.05061168386953328-0.021538646614843622*I,0.33662638986884547
0.375534899834235,0.051101643832052346+0.0011576058966181657*I,0.011116334000928362-0.0027149854957955735*I,-0.08752331976091657+0.0690654408170061*I,0.0511016438320523-0.0011576058966181768*I,0.1639171032091063,0.02404681019955862-0.016309058697737584*I,-0.033385045365736485+0.008724083303106034*I,0.011116334000928377+0.002714985495795603*I,0.02404681019955864+0.016309058697737584*I,0.12446510016578617,-0.05110164383158493-0.0011576058967653906*I,-0.08752331976091654-0.06906544081700595*I,-0.03338504536573644-0.008724083303106018*I,-0.051101643831585025+0.0011576058967653988*I,0.3360828967910687
0.3883505387398931,0.046364293928369556+0.01179937394133834*I,0.010527434597981977+0.021667072934608053*I,-0.04600374464197111-0.02616049976384784*I,0.04636429392836954-0.01179937394133833*I,0.1523077141474176,0.022341701083755043-0.00010396022040589037*I,-0.045542967313569535+0.012858977790257497*I,0.01052743459798198-0.02166707293460805*I,0.02234170108375494+0.00010396022040588587*I,0.11164946126018328,-0.04636429392812488-0.011799373941244482*I,-0.046003744641971094+0.02616049976384781*I,-0.045542967313569535-0.012858977790257516*I,-0.04636429392812491+0.011799373941244532*I,0.3476922858525941
0.4185701207489996,0.055433835556106995+0.0055510360619131244*I,0.0069237686316056795-0.03320454134563696*I,0.0040632369794763624+0.051159509002160944*I,0.05543383555610721-0.005551036061913074*I,0.17412900606453316,0.010381991750071822-0.0037682731205778606*I,-0.030230530191133982+0.0017433573026657918*I,0.006923768631605658+0.03320454134563681*I,0.010381991750071803+0.0037682731205778736*I,0.08142987925089086,-0.05543383555596186-0.00555103606228751*I,0.004063236979476317-0.05115950900216092*I,-0.03023053019113391-0.0017433573026657894*I,-0.055433835555961895+0.0055510360622874864*I,0.3258709939355606
0.4207557312493121,0.0216227334786041-0.01112379424954703*I,-0.006653841896520558+0.018162015824537463*I,0.1021141504117711+0.07343723293483335*I,0.021622733478604106+0.011123794249547072*I,0.13320280650991784,0.015350488706665222+0.01592821190340817*I,-0.0073639528946606286-0.0303785658939956*I,-0.006653841896520564-0.018162015824537282*I,0.015350488706665206-0.015928211903408214*I,0.07924426875081787,-0.021622733478403152+0.011123794249814195*I,0.10211415041177116-0.07343723293483351*I,-0.007363952894660607+0.030378565893995672*I,-0.02162273347840307-0.011123794249814148*I,0.3667971934901692
0.40952088448582097,0.03622643432193767-0.012145922255951848*I,0.016563560983109012+0.01861876699576443*I,0.06639872391124843+0.016335949594550602*I,0.0362264343219377+0.012145922255951782*I,0.15652242393261942,0.005385116975785889+0.006181762570764063*I,-0.03149164986103983-0.0009284511727072494*I,0.01656356098310896-0.018618766995764417*I,0.005385116975785902-0.00618176257076408*I,0.09047911551425507,-0.036226434321457474+0.012145922255948455*I,0.06639872391124865-0.016335949594550734*I,-0.03149164986103992+0.0009284511727072238*I,-0.03622643432145768-0.012145922255948407*I,0.34347757606762497
0.40628527839871625,0.03174633242974905+0.010856458376776335*I,0.007443024725510965+0.043546388648594406*I,0.0879786407318386-0.04902437039207744*I,0.031746332429749-0.010856458376776278*I,0.17337140351725194,0.018112107843191092-0.001982559643634445*I,-0.025713905181056953-0.035231281283810104*I,0.007443024725510918-0.04354638864859426*I,0.01811210784319103+0.0019825596436344167*I,0.09371472160135176,-0.03174633242952216-0.010856458376669487*I,0.08797864073183886+0.04902437039207739*I,-0.025713905181057047+0.035231281283810076*I,-0.03174633242952214+0.010856458376669459*I,0.32662859648303166
0.39845727506066114,0.04294969332345016+0.027754701952604523*I,0.006652955911315647+0.04850333943260543*I,-0.02502269223622793-0.05480212333254341*I,0.042949693323450236-0.0277547019526046*I,0.1822605072349786,0.009664277885299487-0.0064077497103993825*I,-0.0016477942634982377-0.0027376816325596835*I,0.006652955911315584-0.04850333943260547*I,0.0096642778852995+0.006407749710399384*I,0.10154272493929903,-0.042949693323475584-0.02775470195269565*I,-0.025022692236227915+0.054802123332543445*I,-0.0016477942634982334+0.0027376816325597347*I,-0.042949693323475605+0.02775470195269573*I,0.31773949276508345
0.3420473425532216,0.03586869490203808-0.0048563779075879625*I,-0.06197529749360877-0.008469213039746038*I,-0.04332924777066521+0.002720121795396727*I,0.03586869490203804+0.004856377907587982*I,0.20968090834472933,-0.0026693968605105427-0.018184504999542384*I,-0.038830803957302325-0.020480374406471373*I,-0.06197529749360838+0.008469213039746121*I,-0.0026693968605105488+0.01818450499954243*I,0.15795265744675696,-0.035868694901929586+0.00485637790747985*I,-0.04332924777066516-0.002720121795396762*I,-0.03883080395730236+0.020480374406471376*I,-0.03586869490192959-0.0048563779074798355*I,0.2903190916552888
0.36234607665528346,0.038386300142284856+0.002203744466681599*I,0.027943285740838857+0.022446790167929703*I,-0.0030189316857427142-0.018468320964378056*I,0.0383863001422849-0.0022037444666816127*I,0.20604292697877669,0.01900706958232648+0.00666601913729368*I,0.011251789669796654+0.01034408220058077*I,0.027943285740838698-0.022446790167929647*I,0.019007069582326473-0.006666019137293687*I,0.13765392334477333,-0.038386300141939556-0.002203744466659199*I,-0.0030189316857426917+0.01846832096437805*I,0.011251789669796593-0.010344082200580737*I,-0.03838630014193945+0.0022037444666591355*I,0.29395707302144153
0.37089333977635414,0.027883750206233585+0.007452433996747247*I,-0.0397687702240813-0.020021244004330568*I,0.03157823173525885+0.028095773913460763*I,0.02788375020623359-0.007452433996747231*I,0.17002518029729868,-0.0025278489002899113+0.0033918356314921612*I,-0.0009295725952797934+0.006285753661112725*I,-0.03976877022408179+0.020021244004330613*I,-0.002527848900289919-0.003391835631492165*I,0.12910666022373926,-0.02788375020597482-0.007452433996608429*I,0.03157823173525888-0.028095773913460746*I,-0.0009295725952798328-0.006285753661112766*I,-0.027883750205974826+0.007452433996608442*I,0.32997481970282483
0.416388572056381,0.02388823763599575+0.021625822247939894*I,-0.0013825487609977444+0.0034726330824156287*I,-0.031313053001254705-0.06601683757413647*I,0.02388823763599577-0.021625822247939918*I,0.20327943890837077,0.01594474692723048+0.005538534001745779*I,-0.030309818336838094-0.023301470025733975*I,-0.0013825487609977235-0.0034726330824155376*I,0.01594474692723047-0.005538534001745804*I,0.08361142794375859,-0.02388823763564417-0.02162582224772126*I,-0.03131305300125477+0.06601683757413633*I,-0.030309818336838157+0.023301470025734024*I,-0.023888237635644193+0.021625822247721305*I,0.2967205610917003
0.4171146520865732,0.0359601730639817+0.004413672575876232*I,0.005356858056024937-0.027873675731127066*I,-0.017068333586408135+0.03279677057333947*I,0.03596017306398153-0.004413672575876222*I,0.19311083014875313,0.007627456014602549-0.017578788225494066*I,-0.035904196159584637+0.010345673173486294*I,0.00535685805602504+0.027873675731127093*I,0.007627456014602535+0.01757878822549398*I,0.08288534791349754,-0.03596017306378588-0.004413672575762874*I,-0.01706833358640815-0.03279677057333939*I,-0.03590419615958468-0.010345673173486373*I,-0.035960173063785815+0.004413672575762902*I,0.30688916985132225
0.383938105547858,0.04625616049828464-0.0005133871112443389*I,-0.006880663118498596+0.007556033096905711*I,0.02014929861723021-0.009197955142961112*I,0.046256160498284425+0.0005133871112443628*I,0.20895950138622743,-0.0022794473058997456-0.0014038371035328299*I,-0.02812843828033851-0.01409248434263097*I,-0.006880663118498641-0.007556033096905694*I,-0.0022794473058997634+0.0014038371035328154*I,0.11606189445224677,-0.046256160498072+0.0005133871114172098*I,0.020149298617230152+0.009197955142961034*I,-0.02812843828033859+0.014092484342630966*I,-0.04625616049807192-0.0005133871114171918*I,0.2910404986137425
0.40456984311031546,0.027239959987899732+0.023860880438143613*I,0.017688225366409596+0.021428315022432233*I,0.015080065173382777-0.06016309273334926*I,0.027239959987899725-0.023860880438143717*I,0.195512096564406,0.00908741393840485-0.0010059955283870739*I,-0.016527187559234463+0.01766459392440153*I,0.017688225366409575-0.02142831502243232*I,0.009087413938404783+0.0010059955283870832*I,0.09543015688976028,-0.027239959987533625-0.023860880438105185*I,0.015080065173382682+0.06016309273334919*I,-0.016527187559234335-0.017664593924401523*I,-0.02723995998753371+0.023860880438105206*I,0.30448790343557003
0.40391389820923956,0.03175705357639974+0.018941807230875598*I,0.030741730026451884+0.01984385906376177*I,0.002228221656304167-0.014429058735673914*I,0.03175705357639976-0.018941807230875577*I,0.17870479363042777,0.023896438973357907-0.001537256542503329*I,-0.028150792212952008-0.017860929880616102*I,0.030741730026451888-0.019843859063761668*I,0.023896438973357848+0.0015372565425033342*I,0.09608610179073626,-0.0317570535762098-0.01894180723105645*I,0.0022282216563042218+0.014429058735673964*I,-0.028150792212952042+0.017860929880616046*I,-0.031757053576209865+0.018941807231056443*I,0.3212952063695036
0.3978135399726447,0.028928297410550106+0.016995804967225133*I,0.03066795036840234-6.080050158728729*^-6*I,-0.05460340626930855+0.06736083165274914*I,0.028928297410550145-0.016995804967225102*I,0.20415163650644993,0.014841954789660385-0.005570124793375695*I,-0.029836104018165752+0.036442276489894135*I,0.03066795036840242+6.080050158708183*^-6*I,0.014841954789660416+0.0055701247933756925*I,0.1021864600273809,-0.02892829741047953-0.016995804967207373*I,-0.05460340626930861-0.06736083165274899*I,-0.029836104018165742-0.036442276489894065*I,-0.02892829741047951+0.016995804967207425*I,0.29584836349357263
0.3847703388565619,0.028826396241116378+0.0034372038608292935*I,0.01571311441194627-0.004961013451840603*I,0.02670986487197419-0.0010505348477275259*I,0.028826396241116325-0.00343720386082926*I,0.18616514507373452,0.0115638347464862+0.017089126362996906*I,-0.016895178790135756-0.018328615781389033*I,0.015713114411946248+0.004961013451840556*I,0.011563834746486206-0.017089126362996903*I,0.11522966114346198,-0.028826396240841146-0.003437203860904535*I,0.026709864871974184+0.001050534847727505*I,-0.01689517879013576+0.018328615781388988*I,-0.028826396240841164+0.0034372038609045545*I,0.3138348549263246
0.39592724954122666,0.014751053791097164+0.007518259511554875*I,0.01168772218237571-0.040918789914559335*I,-0.03997565096534265-0.015822440710240228*I,0.014751053791097176-0.007518259511554887*I,0.22421986946424027,0.011014627202269691-0.02496484708538169*I,0.004390950854044117+0.0022338624534532937*I,0.01168772218237571+0.04091878991455914*I,0.01101462720226965+0.02496484708538166*I,0.1040727504588118,-0.014751053791092362-0.007518259511438316*I,-0.039975650965342654+0.015822440710240238*I,0.004390950854044128-0.0022338624534532516*I,-0.014751053791092377+0.007518259511438296*I,0.2757801305358763
0.42054007032935176,0.016786027086227912-0.00989975659573124*I,0.020717762881590267-0.0272917927147096*I,0.03089393734645207+0.06850396228522183*I,0.016786027086227905+0.009899756595731205*I,0.23385666736006927,0.013416718946827076-0.004588862604375469*I,-0.00008232226536016826+0.008424312026688776*I,0.020717762881590236+0.02729179271470955*I,0.013416718946827064+0.00458886260437548*I,0.07945992967071269,-0.016786027085977942+0.009899756595801213*I,0.030893937346451975-0.06850396228522178*I,-0.00008232226536022106-0.008424312026688835*I,-0.01678602708597793-0.009899756595801223*I,0.26614333264009205
0.4067043767701381,0.02894079446883827+0.004452631522451969*I,0.018515800362673987+0.017497568475916343*I,-0.05763626306373735-0.010223936578956774*I,0.028940794468838245-0.004452631522451921*I,0.2378766513600429,0.013094941303763636+0.008315715406108816*I,-0.04923486389995238-0.038756504418027915*I,0.018515800362674004-0.01749756847591635*I,0.013094941303763617-0.008315715406108842*I,0.09329562322988415,-0.028940794468565508-0.004452631522539516*I,-0.05763626306373747+0.010223936578956731*I,-0.049234863899952235+0.03875650441802785*I,-0.02894079446856551+0.004452631522539554*I,0.2621233486398373
0.3674080328079077,0.019530632968250722+0.007352615678803195*I,-0.015531563035375898-0.03626922268117313*I,-0.02440157200602721-0.02816289346298747*I,0.019530632968250694-0.007352615678803149*I,0.2414672170839868,-0.011193652256204773-0.015120867938122192*I,0.03545039929131893+0.0071906226185896776*I,-0.015531563035375968+0.03626922268117291*I,-0.011193652256204813+0.015120867938122208*I,0.1325919671920888,-0.019530632968014647-0.0073526156789152485*I,-0.02440157200602717+0.028162893462987556*I,0.03545039929131905-0.007190622618589647*I,-0.019530632968014654+0.007352615678915242*I,0.25853278291611875
0.39253725449597665,0.01648744087824093-0.016920490238647185*I,0.010571131808196098+0.009829676408486828*I,0.013380742448071439+0.06563034629945617*I,0.01648744087824086+0.016920490238647213*I,0.21984421400514417,0.0050745318361899005+0.0020116374645965007*I,0.004865849406069934-0.01828998332116061*I,0.010571131808196126-0.009829676408486773*I,0.005074531836189892-0.0020116374645965055*I,0.10746274550407982,-0.016487440878014705+0.01692049023870632*I,0.013380742448071489-0.06563034629945619*I,0.004865849406069908+0.01828998332116067*I,-0.01648744087801469-0.0169204902387063*I,0.28015578599503727
0.3980476458960501,0.01576913869573964-0.02421571228441147*I,0.014884064785468628-0.031775115672212716*I,-0.012558763552596051+0.05358487085854018*I,0.015769138695739707+0.02421571228441146*I,0.24827364280429623,0.020324264768131938+0.0030680586486392476*I,-0.053783012593509025+0.005572588731586135*I,0.014884064785468568+0.03177511567221276*I,0.02032426476813196-0.0030680586486392476*I,0.10195235410396744,-0.015769138695676792+0.02421571228440929*I,-0.012558763552596025-0.05358487085854015*I,-0.05378301259350904-0.005572588731586127*I,-0.015769138695676827-0.02421571228440933*I,0.25172635719559416
0.40288434511420335,0.03160109962612018+0.003312920223491418*I,0.02339431201256661+0.0639325252103141*I,0.020813433105672765-0.07710343411911755*I,0.03160109962612016-0.0033129202234914363*I,0.23949892305018924,0.025701733493111077+0.006591480237108627*I,0.015126014700559574+0.004291978353614964*I,0.02339431201256663-0.06393252521031413*I,0.025701733493111095-0.006591480237108621*I,0.09711565488583694,-0.031601099625706515-0.003312920223583337*I,0.020813433105672793+0.07710343411911738*I,0.015126014700559598-0.004291978353614954*I,-0.03160109962570656+0.003312920223583351*I,0.2605010769497545
0.38631020627935553,0.03857529893205938-0.014353234748570491*I,0.021330786756950295+0.011624761230442853*I,-0.005078537042891022-0.04254350434535811*I,0.03857529893205949+0.014353234748570448*I,0.23313329179198022,0.000243346680699104-0.009374712959868275*I,-0.02573836347519216-0.022218220522764887*I,0.02133078675695014-0.011624761230442905*I,0.00024334668069907504+0.009374712959868248*I,0.11368979372071805,-0.038575298931730874+0.014353234748618472*I,-0.005078537042891042+0.042543504345358106*I,-0.025738363475192216+0.022218220522764846*I,-0.038575298931730846-0.014353234748618535*I,0.2668667082080657
0.3855722291587257,0.029105400026282622-0.013259595427658368*I,0.02418399873938569+0.016692496721363265*I,0.028947524088650162+0.022935975778903116*I,0.029105400026282698+0.013259595427658399*I,0.20929806078811505,0.015527798227865375+0.008518845138661142*I,0.0026285310263204583-0.0052352435188182216*I,0.024183998739385634-0.016692496721363175*I,0.015527798227865344-0.008518845138661212*I,0.11442777084126188,-0.02910540002615884+0.01325959542759931*I,0.02894752408865012-0.022935975778903106*I,0.0026285310263204284+0.005235243518818265*I,-0.029105400026158856-0.013259595427599347*I,0.2907019392121518
0.38373428973054496,0.022789545150833503+0.004527270258151248*I,0.02569357969877627+0.013441839743180797*I,-0.00023423345261957846-0.007313571110438462*I,0.022789545150833552-0.004527270258151248*I,0.22917600575589556,0.04074138651678734+0.014400947277221179*I,-0.055609535936523756-0.020744999599350267*I,0.025693579698776368-0.013441839743180821*I,0.04074138651678731-0.014400947277221264*I,0.11626571026955022,-0.02278954515036021-0.004527270258113382*I,-0.00023423345261954176+0.007313571110438394*I,-0.05560953593652365+0.02074499959935022*I,-0.022789545150360153+0.004527270258113406*I,0.27082399424421166
0.40914414028918644,0.03682067911835885-0.00503054654522443*I,0.024507218988262497-0.014278709263680541*I,-0.04630053303204205-0.019470138240557096*I,0.03682067911835895+0.005030546545224496*I,0.23660982513060108,0.02673616898277187+0.000574081323933047*I,-0.05814243413451367+0.034764654373346485*I,0.024507218988262577+0.014278709263680607*I,0.026736168982771903-0.0005740813239329145*I,0.09085585971090837,-0.03682067911814753+0.0050305465453768725*I,-0.04630053303204211+0.019470138240557048*I,-0.05814243413451371-0.03476465437334658*I,-0.036820679118147556-0.005030546545376907*I,0.2633901748692707
0.3880835642957346,0.02622667117373794+0.0006431509789913446*I,-0.028756410433601665-0.013197427588648693*I,0.047536148579127774-0.03460442916263545*I,0.026226671173737986-0.0006431509789913376*I,0.16863349794566143,0.007141535279753314+0.0020413793980475826*I,0.011951655799756322-0.022415411323073252*I,-0.028756410433601793+0.013197427588648671*I,0.0071415352797532874-0.0020413793980475674*I,0.11191643570432833,-0.02622667117350901-0.0006431509789019215*I,0.047536148579127864+0.03460442916263551*I,0.011951655799756307+0.022415411323073273*I,-0.02622667117350897+0.0006431509789019073*I,0.3313665020546386
