"Choi matrices from t=0 to t=1000 log spaced, 100 points. Initial state of environment generated with SeedRandom[77331];Ïˆ=RandomChainProductState[L-1];"
0.49944906906186365,0.0022802752567079583+0.01638951923650878*I,0.0022750317185757547+0.016389869376537143*I,0.47571213482711155-0.13537362690690058*I,0.0022802752567079566-0.016389519236508804*I,0.0005509271533913199,0.0005509276821989075+9.029390456744884*^-8*I,-0.0022801233945425937-0.016389529333471105*I,0.0022750317185757482-0.016389869376537098*I,0.0005509276821989084-9.029390456744052*^-8*I,0.000550930938415631,-0.0022802752561079946-0.01638951923642381*I,0.47571213482711294+0.13537362690690083*I,-0.0022801233945425885+0.016389529333471185*I,-0.0022802752561080033+0.016389519236423806*I,0.499449072847123
0.499337534225513,0.0027406991508248067+0.0179257419053031*I,0.0027335206114319087+0.0179262681719942*I,0.47080675028256225-0.14794061825095*I,0.0027406991508248137-0.017925741905303168*I,0.0006624591678289638,0.0006624600911109126+1.2837546031243036*^-7*I,-0.002740893045866108-0.017925727585309744*I,0.002733520611431906-0.017926268171994202*I,0.0006624600911109122-1.2837546031242083*^-7*I,0.0006624657748480571,-0.0027406991501728213-0.01792574190528269*I,0.470806750282563+0.14794061825095056*I,-0.002740893045866108+0.01792572758530973*I,-0.0027406991501728283+0.01792574190528265*I,0.4993375408327281
0.4992036972315435,0.0032926862878610366+0.019592094100962094*I,0.003282843702548487+0.01959288635142823*I,0.4649251909793282-0.1615355129395101*I,0.0032926862878610336-0.0195920941009621*I,0.0007962912391938416,0.0007962928506041436+1.81997069431942*^-7*I,-0.0032935134131633803-0.01959202728494767*I,0.0032828437025484818-0.019592886351428182*I,0.0007962928506041454-1.819970694319637*^-7*I,0.0007963027688922692,-0.0032926862871634687-0.0195920941010172*I,0.4649251909793273+0.16153551293951016*I,-0.0032935134131633756+0.019592027284947636*I,-0.00329268628716347+0.019592094101017234*I,0.499203708761407
0.49904322332707834,0.003953819286426485+0.02139506729572645*I,0.003940304404617038+0.021396261797192992*I,0.4578796786450421-0.1761971026341772*I,0.003953819286426473-0.02139506729572641*I,0.0009567565603770787,0.000956759371445371+2.5715746673304976*^-7*I,-0.003955737022550919-0.021394897276539634*I,0.003940304404617053-0.02139626179719299*I,0.0009567593714453732-2.5715746673303367*^-7*I,0.0009567766734240814,-0.003953819285693963-0.021395067295868455*I,0.4578796786450418+0.1761971026341772*I,-0.003955737022550909+0.02139489727653962*I,-0.003953819285693966+0.021395067295868462*I,0.4990432434402665
0.4988509914063174,0.004744775106232175+0.023339866583539332*I,0.004726192663875133+0.023341670198625493*I,0.449449224719063-0.19194911881025575*I,0.004744775106232162-0.0233398665835393*I,0.0011489735229892979,0.0011489784239206728+3.619423443419285*^-7*I,-0.004748498342910245-0.02333950409637467*I,0.00472619266387515-0.02334167019862556*I,0.0011489784239206754-3.6194234434193805*^-7*I,0.0011490085942355822,-0.0047447751054805806-0.023339866583778502*I,0.4494492247190632+0.19194911881025578*I,-0.004748498342910258+0.023339504096374662*I,-0.004744775105480575+0.023339866583778478*I,0.4988510264777008
0.4986209770103964,0.0056897396867076335+0.025429710971938566*I,0.005664158193487963+0.025432437994124073*I,0.4393750935112582-0.20879317564831384*I,0.005689739686707636-0.02542971097193847*I,0.0013789618683516692,0.0013789704065127395+5.070941693283385*^-7*I,-0.005696369740755691-0.025429001886390322*I,0.005664158193487951-0.02543243799412411*I,0.0013789704065127412-5.070941693283069*^-7*I,0.0013790229901827998,-0.005689739685958979-0.025429710972282506*I,0.4393750935112579+0.20879317564831384*I,-0.005696369740755691+0.025429001886390277*I,-0.0056897396859589685+0.025429710972282457*I,0.49862103813237885
0.49834613018966156,0.006816814067451489+0.02766490562179932*I,0.006781559730592551+0.027669033850333893*I,0.4273563004837215-0.22669948567196238*I,0.006816814067451496-0.0276649056217994*I,0.0016537633567315169,0.0016537782178157646+7.066246054412137*^-7*I,-0.0068280267206413765-0.02766358788678313*I,0.006781559730592537-0.027669033850333962*I,0.001653778217815767-7.066246054412173*^-7*I,0.001653869810909369,-0.006816814066734572-0.02766490562225095*I,0.4273563004837199+0.22669948567196208*I,-0.006828026720641358+0.02766358788678303*I,-0.006816814066734585+0.027664905622250966*I,0.4983462366440363
0.4980182549528822,0.008158371609794452+0.030041626581321902*I,0.008109744572064+0.03004788260169541*I,0.4130455510697304-0.24559477959865114*I,0.00815837160979444-0.030041626581321933*I,0.001981559784658325,0.001981585621600135+9.78374484212679*^-7*I,-0.008176688730770982-0.03003926038410452*I,0.008109744572063987-0.030047882601695414*I,0.0019815856216001365-9.783744842127001*^-7*I,0.0019817450476359733,-0.008158371609144871-0.030041626581876254*I,0.4130455510697304+0.2455947795986513*I,-0.008176688730770978+0.030039260384104455*I,-0.008158371609144868+0.030041626581876348*I,0.49801844021614106
0.4976279014097417,0.009751302653308001+0.032550348719615374*I,0.009684187818098863+0.03255983740124541*I,0.39604626314350777-0.26534677258054107*I,0.009751302653308005-0.03255034871961545*I,0.002371776484407747,0.0023718213401621928+1.3443327249596478*^-6*I,-0.009780480272724547-0.03254620421547841*I,0.009684187818098842-0.03255983740124554*I,0.0023718213401621884-1.3443327249598439*^-6*I,0.002372098590670538,-0.00975130265276659-0.03255034872025615*I,0.39604626314350855+0.26534677258054157*I,-0.009780480272724537+0.03254620421547839*I,-0.009751302652766592+0.032550348720256146*I,0.49762822351641284
0.4971642879939817,0.011637049792472926+0.03517383974578614*I,0.011544385872736275+0.03518824044769065*I,0.37591165518268393-0.2857444524741469*I,0.01163704979247291-0.035173839745786216*I,0.0028351526312356008,0.002835230369784199+1.83037883872173*^-6*I,-0.011682625462225931-0.035166718314110404*I,0.011544385872736285-0.035188240447690665*I,0.0028352303697841905-1.8303788387218838*^-6*I,0.002835712006265027,-0.011637049792082568-0.03517383974648165*I,0.37591165518268355+0.28574445247414665*I,-0.011682625462225954+0.035166718314110466*I,-0.011637049792082573+0.03517383974648172*I,0.4971648473695957
0.49661527993200755,0.013861290785984961+0.037884640737846205*I,0.013733350858953063+0.03790650368623838*I,0.3521473549706618-0.3064734557075409*I,0.013861290785984911-0.037884640737846254*I,0.0033837500286185863,0.003383884465008076+2.4649020899283457*^-6*I,-0.013931343628588737-0.03787259343451034*I,0.013733350858953074-0.037906503686238394*I,0.00338388446500808-2.464902089928061*^-6*I,0.003384720068012037,-0.013861290785784188-0.037884640738546325*I,0.35214735497066113+0.3064734557075413*I,-0.013931343628588727+0.037872593434510354*I,-0.013861290785784162+0.037884640738546374*I,0.4966162499722067
0.49596746204717435,0.016473063366147386+0.04064196216072163*I,0.016296488607854594+0.04067515434821732*I,0.3242196272266412-0.32708589944298033*I,0.0164730633661474-0.04064196216072165*I,0.004030858672995003,0.004031090539565901+3.2754816630588683*^-6*I,-0.016579248976813662-0.04062185166521379*I,0.016296488607854546-0.040675154348217335*I,0.0040310905395659034-3.275481663058893*^-6*I,0.004032537952573049,-0.01647306336616089-0.04064196216135633*I,0.3242196272266407+0.3270858994429807*I,-0.01657924897681372+0.0406218516652139*I,-0.0164730633661609+0.04064196216135639*I,0.49596914132780434
0.4952063596488692,0.01952304349230471+0.043387953104040436*I,0.01927956026003265+0.043438325655558344*I,0.29157216868391017-0.3469643465514867*I,0.019523043492304642-0.043387953104040304*I,0.004790739404707047,0.0047911379943382845+4.282549652951986*^-6*I,-0.019681967650284352-0.04335478207682627*I,0.019279560260032653-0.04343832565555838*I,0.004791137994338299-4.2825496529519145*^-6*I,0.004793640350587097,-0.019523043492530742-0.043387953104523994*I,0.2915721686839101+0.34696434655148667*I,-0.019681967650284345+0.04335478207682611*I,-0.019523043492530763+0.04338795310452391*I,0.4952092605960452
0.49431688090803555,0.023060583818118412+0.046043364736022725*I,0.022725325818358746+0.046119745068978264*I,0.25365549887779193-0.3652802344728212*I,0.02306058381811838-0.046043364736022774*I,0.0056781205971721815,0.005678802996821909+5.488898896676388*^-6*I,-0.023295564036408315-0.04598926440425818*I,0.02272532581835873-0.04611974506897819*I,0.005678802996821908-5.488898896676253*^-6*I,0.005683119091162443,-0.02306058381851567-0.046043364736265115*I,0.25365549887779226+0.36528023447282193*I,-0.023295564036408353+0.04598926440425815*I,-0.02306058381851566+0.04604336473626515*I,0.4943218794035037
0.4932840772000338,0.027128993943575375+0.04850274821157343*I,0.026668351622885594+0.04861840247828375*I,0.20997427083654904-0.38094831249124367*I,0.027128993943575385-0.048502748211573424*I,0.006707337052306609,0.0067084994337258345+6.8645224430819075*^-6*I,-0.027472209165061837-0.04841548973609172*I,0.026668351622885625-0.0486184024782839*I,0.006708499433725825-6.864522443082354*^-6*I,0.006715922799010513,-0.02712899394405413-0.048502748211501946*I,0.20997427083654926+0.38094831249124544*I,-0.02747220916506185+0.04841548973609182*I,-0.027128993944054082+0.048502748211501884*I,0.49329266294826213
0.49209434211236897,0.03175840805203445+0.05062953323017038*I,0.03112734688239394+0.05080429845802718*I,0.16015924479542812-0.39258070734244443*I,0.03175840805203447-0.050629533230170436*I,0.007890966605471039,0.007892934109553822+8.328625704276972*^-6*I,-0.03225332663554132-0.05049040171678358*I,0.03112734688239403-0.05080429845802702*I,0.007892934109553827-8.328625704276307*^-6*I,0.007905657886700218,-0.03175840805246157-0.05062953322976245*I,0.1601592447954284+0.39258070734244427*I,-0.03225332663554132+0.050490401716783546*I,-0.0317584080524616+0.05062953322976249*I,0.4921090333949501
0.4907371896502013,0.03695546391469854+0.052251667613340845*I,0.03609430928815965+0.05251501669767362*I,0.10407196219652474-0.3984475826862762*I,0.036955463914698485-0.05225166761334088*I,0.009237788316278273,0.009241092405058193+9.736808509664396*^-6*I,-0.03765922756722511-0.05203254950943368*I,0.036094309288159675-0.05251501669767362*I,0.0092410924050582-9.736808509664088*^-6*I,0.009262810349122528,-0.03695546391492746-0.05225166761265979*I,0.10407196219652465+0.39844758268627667*I,-0.037659227567224965+0.05203254950943361*I,-0.03695546391492756+0.05225166761265977*I,0.49076221168394174
0.4892077565092373,0.042688962628395964+0.053159011955285*I,0.04151976935335977+0.05355437954894324*I,0.041950802544383436-0.39645647802617867*I,0.04268896262839594-0.05315901195528491*I,0.010749866858236255,0.010755360608902457+0.000010895156344975577*I,-0.04367403633742291-0.05281864169621431*I,0.04151976935335968-0.05355437954894323*I,0.010755360608902444-0.000010895156344975472*I,0.010792243490548994,-0.042688962628329635-0.05315901195449994*I,0.041950802544383776+0.39645647802617856*I,-0.04367403633742288+0.05281864169621425*I,-0.04268896262832963+0.053159011954499784*I,0.4892501331417149
0.4875101419612756,0.048870789229334397+0.053104430562776396*I,0.04729363982802969+0.05369517180915998*I,-0.025393883426698596-0.3841698382184811*I,0.04887078922933443-0.05310443056277644*I,0.012418583497919966,0.012427603411117096+0.000011650587705028491*I,-0.05022461277486113-0.05258401413615619*I,0.04729363982802976-0.0536951718091603*I,0.012427603411117092-0.000011650587705027715*I,0.012489858039048642,-0.04887078922900895-0.053104430562139614*I,-0.025393883426698634+0.38416983821848083*I,-0.050224612774861045+0.05258401413615598*I,-0.04887078922900885+0.053104430562139766*I,0.4875814165016734
0.48566159825829147,0.055331819690655884+0.051811537023284726*I,0.05322178604048663+0.05268886701001118*I,-0.09633219947367204-0.3588903379743692*I,0.05533181969065594-0.05181153702328462*I,0.014219526305295806,0.014234097310621923+0.000012157357937180742*I,-0.05715240388527839-0.05103056963976296*I,0.05322178604048648-0.052688867010011214*I,0.014234097310621936-0.000012157357937181595*I,0.014338401742392067,-0.055331819690300606-0.05181153702303707*I,-0.09633219947367204+0.35889033797436914*I,-0.05715240388527839+0.05103056963976303*I,-0.055331819690300606+0.05181153702303706*I,0.48578047369385635
0.4836973628331963,0.06179358909286997+0.04899331377624818*I,0.05899971913020488+0.050286393978519695*I,-0.1681217261399577-0.3178561210282601*I,0.061793589092869985-0.04899331377624811*I,0.016106390788022416,0.016129435551574135+0.000013503127645833725*I,-0.06417811048917718-0.047847548275309515*I,0.058999719130204714-0.05028639397851963*I,0.016129435551574093-0.000013503127645834267*I,0.016302637167405015,-0.061793589092862755-0.04899331377646426*I,-0.16812172613995832+0.3178561210282616*I,-0.06417811048917729+0.047847548275309494*I,-0.06179358909286271+0.048993313776464265*I,0.4838936092106524
0.48167550956085564,0.06783854105529445+0.044387153292413245*I,0.06418716946097255+0.04627499496113655*I,-0.23659667621918629-0.2586012924803828*I,0.0678385410552944-0.044387153292413314*I,0.01800453426788775,0.018039962226990912+0.000018997383612105577*I,-0.07086143064698752-0.042752577106196385*I,0.06418716946097258-0.04627499496113674*I,0.018039962226990874-0.000018997383612104784*I,0.018324490439165234,-0.0678385410559371-0.04438715329287848*I,-0.2365966762191868+0.25860129248038316*I,-0.0708614306469877+0.04275257710619647*I,-0.06783854105593701+0.04438715329287859*I,0.48199546573040825
0.4796805069044878,0.07288522138343406+0.03781278157975367*I,0.06819118371766215+0.04053657025417224*I,-0.2959025499277356-0.17954619612110753*I,0.07288522138343392-0.03781278157975377*I,0.019805716678134407,0.0198580865221087+0.00003655425967631328*I,-0.07656302567412822-0.03556216407968226*I,0.06819118371766233-0.04053657025417235*I,0.0198580865221087-0.000036554259676313644*I,0.020319493094816826,-0.07288522138461163-0.03781278158004166*I,-0.29590254992773546+0.17954619612110814*I,-0.0765630256741284+0.03556216407968221*I,-0.07288522138461175+0.03781278158004168*I,0.4801942833200958
0.47782314340669435,0.07618031646777317+0.029258993095585054*I,0.0702711709820279+0.03313142691589367*I,-0.33839620184057856-0.08087698998076388*I,0.07618031646777329-0.029258993095585016*I,0.021366991943592713,0.021440094578997287+0.00008263918341585898*I,-0.08042462435675977-0.02630045817119152*I,0.07027117098202794-0.03313142691589383*I,0.021440094578997294-0.00008263918341586029*I,0.022176856592418925,-0.0761803164688212-0.029258993095426646*I,-0.33839620184057806+0.08087698998076374*I,-0.08042462435675986+0.026300458171191653*I,-0.07618031646882135+0.029258993095426684*I,0.4786330080550745
0.4762331554969461,0.07682712401369021+0.019001257776938903*I,0.06958683538362391+0.024406050494863798*I,-0.3549106855838663+0.03426414109387279*I,0.07682712401369045-0.01900125777693894*I,0.02251871463000269,0.02261183409024907+0.00018793764183909744*I,-0.08139686455035051-0.01534922595121762*I,0.06958683538362401-0.024406050494863784*I,0.022611834090249052-0.00018793764183910942*I,0.02376684450275838,-0.07682712401388192-0.019001257776600364*I,-0.3549106855838656-0.03426414109387296*I,-0.08139686455035064+0.015349225951217628*I,-0.07682712401388227+0.01900125777660042*I,0.47748128536955203
0.47503958028249926,0.07387892808183757+0.0077420352739753905*I,0.0653175616564249+0.015111394411884608*I,-0.3356777649283815+0.15835888489083966*I,0.07387892808183776-0.007742035273975417*I,0.02308881819808635,0.02318857265309057+0.0004037481068843605*I,-0.07836180110018744-0.0036246523481859205*I,0.06531756165642492-0.015111394411884737*I,0.023188572653090548-0.0004037481068843535*I,0.024960419717738342,-0.07387892808131886-0.007742035273982409*I,-0.33567776492838153-0.15835888489083969*I,-0.07836180110018758+0.003624652348185841*I,-0.07387892808131874+0.007742035273982291*I,0.47691118180235276
0.47433343365784403,0.06653232849083271-0.00325493217015704*I,0.056884849597576864+0.00649566299042887*I,-0.27227337599877777+0.27815113267643593*I,0.06653232849083278+0.0032549321701570355*I,0.022951575541774537,0.023016319213974647+0.0008054054073100649*I,-0.07041016924176453+0.007270029932973411*I,0.056884849597576885-0.006495662990429004*I,0.02301631921397463-0.0008054054073100675*I,0.02566656634172642,-0.0665323284906838+0.003254932170027623*I,-0.2722733759987779-0.27815113267643593*I,-0.0704101692417644-0.007270029932973418*I,-0.06653232849068379-0.003254932170027717*I,0.4770484244589091
0.47410962598601053,0.05445155257171943-0.012099412933138985*I,0.04429762994274051+0.00030061013873609486*I,-0.16091648808092282+0.3739829594658766*I,0.05445155257171944+0.012099412933138987*I,0.022105927267318505,0.022039437590893843+0.0014844437571147197*I,-0.05732132470363664+0.01502764910731436*I,0.044297629942740585-0.00030061013873616013*I,0.02203943759089378-0.0014844437571147353*I,0.02589037401248541,-0.05445155257226443+0.012099412933940368*I,-0.16091648808092288-0.37398295946587706*I,-0.05732132470363662-0.01502764910731425*I,-0.054451552572264306-0.012099412933940332*I,0.47789407273282825
0.47419317813466155,0.03822466915718012-0.01638811732337142*I,0.02859607218256504-0.0014519252910819543*I,-0.007145354899484317+0.4209494515715918*I,0.03822466915718013+0.016388117323371514*I,0.02077598747940324,0.020389157160274382+0.002516324196864664*I,-0.04021638714643006+0.016939380077771005*I,0.028596072182564953+0.0014519252910819823*I,0.020389157160274413-0.0025163241968646733*I,0.02580682186452818,-0.03822466915717713+0.016388117324902533*I,-0.007145354899484276-0.4209494515715917*I,-0.04021638714643023-0.016939380077771047*I,-0.038224669157177094-0.016388117324902533*I,0.4792240125200466
0.47417262263017074,0.019873926397338565-0.01364864047948559*I,0.012270090712385344+0.002977210374647277*I,0.16892490091835208+0.3934418008062151*I,0.019873926397338613+0.013648640479485651*I,0.01949894553884624,0.018464619952205184+0.0038920524505890656*I,-0.022164724313033214+0.010725873552934168*I,0.01227009071238539-0.0029772103746474035*I,0.018464619952205205-0.003892052450589064*I,0.025827377370093347,-0.019873926396822558+0.013648640479919356*I,0.1689249009183518-0.39344180080621527*I,-0.02216472431303321-0.010725873552934268*I,-0.019873926396822575-0.01364864047991933*I,0.4805010544603897
0.47339257964505305,0.003195343672363025-0.002257874049541848*I,-0.0006374834266153421+0.014039933421520524*I,0.329104072934145+0.27458245761325095*I,0.003195343672363028+0.002257874049541959*I,0.01912465277635714,0.016942162119415106+0.005423990013789799*I,-0.008222907577468167-0.004039665962084432*I,-0.0006374834266153167-0.014039933421520379*I,0.01694216211941506-0.005423990013789783*I,0.02660742035391035,-0.00319534367286623+0.002257874049415436*I,0.32910407293414534-0.2745824576132507*I,-0.008222907577468196+0.004039665962084466*I,-0.003195343672866219-0.002257874049415444*I,0.4808753472232963
0.47108954252645013,-0.006498464358221272+0.017167329134216532*I,-0.00522310930371865+0.029580433371569757*I,0.4198278104354627+0.07055169857443715*I,-0.006498464358221271-0.017167329134216567*I,0.020620606633027297,0.016616796722612848+0.006692996236181353*I,-0.004157525199565695-0.024334447192450818*I,-0.005223109303718675-0.02958043337156973*I,0.016616796722612834-0.00669299623618134*I,0.02891045747280895,0.006498464358428351-0.01716732913360197*I,0.41982781043546247-0.07055169857443695*I,-0.004157525199565703+0.024334447192450714*I,0.006498464358428383+0.017167329133601934*I,0.47937939336759944
0.4667582701225022,-0.0038014249223064685+0.040304231488442414*I,0.0022688344684372386+0.04381126537397638*I,0.3869192133209461-0.1742874185796062*I,-0.003801424922306471-0.04030423148844234*I,0.024617356545968264,0.01800318680616396+0.007178331806619529*I,-0.013444766705300376-0.04312842139181635*I,0.002268834468437322-0.043811265373976456*I,0.018003186806163928-0.0071783318066194635*I,0.03324172987793896,0.0038014249231670466-0.04030423148906673*I,0.3869192133209462+0.17428741857960584*I,-0.013444766705300348+0.04312842139181633*I,0.0038014249231670513+0.04030423148906671*I,0.47538264345520004
0.4607452172048318,0.01382873113482339+0.05864724362665567*I,0.021068814588086574+0.04789368091189823*I,0.20599290498296335-0.37245313588426704*I,0.013828731134823401-0.058647243626655826*I,0.03081798560114403,0.020778793119208692+0.006698691959610387*I,-0.033642482871912016-0.051545836449368373*I,0.021068814588086668-0.04789368091189821*I,0.02077879311920869-0.0066986919596103735*I,0.039254782794339964,-0.013828731135215565-0.05864724362659951*I,0.20599290498296333+0.3724531358842672*I,-0.03364248287191192+0.05154583644936825*I,-0.013828731135215593+0.05864724362659959*I,0.4691820143995257
0.4548024590498674,0.04219841116575677+0.0617081666633582*I,0.04249153898826356+0.033811042324986364*I,-0.07831220081437044-0.41598415853540266*I,0.04219841116575689-0.06170816666335828*I,0.03769682308393446,0.02345033439386483+0.006004970718252749*I,-0.05547027663992282-0.04412498534943932*I,0.042491538988263654-0.033811042324986364*I,0.023450334393864968-0.006004970718252764*I,0.045197540950696474,-0.042198411165636225-0.06170816666342261*I,-0.07831220081437057+0.4159841585354026*I,-0.055470276639922815+0.04412498534943926*I,-0.042198411165636225+0.061708166663422714*I,0.4623031769156487
0.45192296801235005,0.06821655458731485+0.043190849919768765*I,0.05014792643411877+0.002031666017773672*I,-0.3314800806236341-0.24003142360991436*I,0.06821655458731458-0.043190849919768855*I,0.04300064008626625,0.023817614404864858+0.006797275284577525*I,-0.06789718456328583-0.02377098809749892*I,0.050147926434118736-0.0020316660177736867*I,0.02381761440486481-0.006797275284577514*I,0.04807703198708753,-0.06821655458805646-0.04319084991986325*I,-0.3314800806236328+0.24003142360991403*I,-0.06789718456328571+0.023770988097498964*I,-0.06821655458805667+0.043190849919863154*I,0.45699935991319074
0.4545755358234291,0.07410396755500354+0.009512102183055109*I,0.028685529318882894-0.030844753140686916*I,-0.37372866038219726+0.08908612201274083*I,0.07410396755500336-0.009512102183055135*I,0.04497799299033115,0.020376742699611483+0.010303633291198534*I,-0.06637894731135256-0.000492033338904297*I,0.028685529318882946+0.030844753140686874*I,0.020376742699611556-0.010303633291198523*I,0.045424464176285206,-0.07410396755501858-0.009512102183279655*I,-0.3737286603821969-0.08908612201274117*I,-0.06637894731135258+0.0004920333389042798*I,-0.07410396755501836+0.009512102183279667*I,0.4550220070100866
0.461344581453863,0.051177906981813744-0.0168339628644334*I,-0.01816941004215164-0.03495414448814821*I,-0.12129604996832347+0.3382883909784981*I,0.05117790698181383+0.016833962864433453*I,0.043390725784268946,0.013730750317655714+0.015107554099761387*I,-0.054205180852074784+0.015454500288203733*I,-0.018169410042151692+0.03495414448814823*I,0.013730750317655697-0.015107554099761398*I,0.03865541854606113,-0.0511779069815348+0.016833962865688765*I,-0.12129604996832358-0.33828839097849767*I,-0.05420518085207477-0.015454500288203747*I,-0.05117790698153478-0.016833962865688754*I,0.4566092742145803
0.46475976585095286,0.01644291305293384-0.010629437160059893*I,-0.05360759993252696+0.00782652459951736*I,0.24583827099489325+0.2448701156425566*I,0.01644291305293378+0.010629437160059884*I,0.03991967411740377,0.006787000289802252+0.017290218239681222*I,-0.03715212459058498+0.015223500139286427*I,-0.05360759993252696-0.007826524599517444*I,0.006787000289802256-0.01729021823968123*I,0.03524023414758312,-0.016442913053671158+0.010629437160165681*I,0.24583827099489328-0.24487011564255648*I,-0.03715212459058496-0.015223500139286406*I,-0.016442913053671158-0.010629437160165615*I,0.460080325882471
0.45606480124130067,0.009072906246662193+0.025170066787458072*I,-0.02772846897090902+0.06575649302312916*I,0.32523727788121787-0.1613914215599743*I,0.009072906246662167-0.02517006678745796*I,0.03868004789686559,0.003604833536454655+0.01397710495470619*I,-0.03051608131626461-0.006829655306577183*I,-0.027728468970909012-0.06575649302312912*I,0.0036048335364546416-0.013977104954706197*I,0.043935198758342994,-0.009072906246529379-0.025170066788021524*I,0.32523727788121753+0.1613914215599745*I,-0.030516081316264387+0.006829655306577155*I,-0.009072906246529512+0.025170066788021424*I,0.46131995210406157
0.4386454606538313,0.04709472525684704+0.0443124044131778*I,0.055083241639251435+0.060022993966952515*I,-0.05187585909750523-0.3965198809493452*I,0.04709472525684713-0.04431240441317768*I,0.04336280127019787,0.005739751976586231+0.0053256358583197655*I,-0.05668886298687759-0.026238361785011863*I,0.05508324163925145-0.06002299396695264*I,0.005739751976586236-0.005325635858319793*I,0.061354539346822376,-0.047094725256317777-0.04431240441309493*I,-0.0518758590975052+0.39651988094934404*I,-0.056688862986877545+0.026238361785011852*I,-0.047094725256317714+0.044312404413095*I,0.45663719872899117
0.43426350969570854,0.08352995529957664+0.009495854881605646*I,0.09635703640693635-0.034666230218449876*I,-0.3687681224831671-0.06812633071652219*I,0.08352995529957694-0.009495854881605698*I,0.04788039461283631,0.006553937793216957-0.005205196806762362*I,-0.08181596169935754-0.0002188193664361853*I,0.09635703640693606+0.03466623021844983*I,0.006553937793216939+0.005205196806762381*I,0.06573649030448339,-0.08352995529909002-0.009495854881707195*I,-0.3687681224831672+0.0681263307165221*I,-0.08181596169935743+0.00021881936643615064*I,-0.08352995529908985+0.009495854881707188*I,0.45211960538765195
0.4563722989553858,0.0611386354760638-0.02833405779134656*I,0.02561255830672526-0.09321194820321668*I,-0.04028198715770698+0.30361681234050636*I,0.06113863547606386+0.02833405779134652*I,0.0430119194150914,0.00040609538555828233-0.009380185332115001*I,-0.0479107625219857+0.023644406372775588*I,0.025612558306725236+0.09321194820321663*I,0.0004060953855582716+0.00938018533211506*I,0.04362770104481661,-0.0611386354761037+0.028334057791132128*I,-0.04028198715770695-0.3036168123405055*I,-0.04791076252198563-0.02364440637277554*I,-0.061138635476103875-0.028334057791132156*I,0.45698808058416424
0.47529921305977824,0.030782302695682988+0.004553560021488239*I,-0.029915439379350896-0.006227719879651851*I,0.34354346188391716-0.012829079486222715*I,0.030782302695683-0.004553560021488218*I,0.039839665716936166,0.0014106315583326363-0.00827892547284218*I,-0.03166683412971796-0.006883746881088321*I,-0.029915439379350817+0.006227719879651826*I,0.001410631558332642+0.008278925472842202*I,0.02470078694014847,-0.030782302695143614-0.004553560021714343*I,0.3435434618839165+0.012829079486222788*I,-0.03166683412971786+0.006883746881088349*I,-0.030782302695143617+0.004553560021714296*I,0.46016033428404474
0.4612717561835767,0.07154295274479011+0.03776477639380755*I,0.051831253923637584+0.05725394720268406*I,-0.05361587424621049-0.29707370146686357*I,0.07154295274479013-0.03776477639380749*I,0.04355826287561427,0.01400663567822453-0.009722986121891566*I,-0.05625606229516509-0.004097104196900688*I,0.051831253923637716-0.05725394720268393*I,0.014006635678224527+0.009722986121891562*I,0.03872824381597956,-0.07154295274545781-0.03776477639448271*I,-0.05361587424621067+0.2970737014668641*I,-0.05625606229516503+0.004097104196900696*I,-0.07154295274545774+0.037764776394482745*I,0.45644173712347225
0.4547179673878524,0.0861034298877164-0.010936311746999267*I,0.07267940260527694-0.03165332481463272*I,-0.2374460101476555+0.21711469034359257*I,0.08610342988771659+0.0109363117469993*I,0.039567201256686016,0.018367222139163055-0.0037982448883450417*I,-0.051759613378916096+0.021833600982681396*I,0.07267940260527724+0.0316533248146327*I,0.01836722213916307+0.003798244888345054*I,0.045282032611699684,-0.08610342988791679+0.010936311748150738*I,-0.23744601014765565-0.21711469034359357*I,-0.05175961337891609-0.021833600982681455*I,-0.08610342988791665-0.010936311748150762*I,0.4604327987420408
0.46984324826674717,0.026890077656048-0.006624166055083767*I,-0.015580320498624897-0.0019001625352366963*I,0.2693228998337258+0.12357106477924312*I,0.026890077656047846+0.00662416605508377*I,0.03009528717475262,0.01574486278585049+0.005254103810766162*I,-0.03549088359688903+0.015209962483780922*I,-0.015580320498624824+0.001900162535236674*I,0.015744862785850557-0.005254103810766167*I,0.030156751733197106,-0.026890077655730826+0.00662416605488829*I,0.2693228998337261-0.12357106477924303*I,-0.03549088359688898-0.015209962483780946*I,-0.0268900776557309-0.006624166054888308*I,0.46990471282582663
0.4478769472016939,0.05605916900881712+0.017836529570880524*I,0.05759439515110611+0.05955367844299477*I,-0.16400361257064047-0.1807082975605799*I,0.056059169008817286-0.017836529570880572*I,0.025783289123936935,0.015126594374700701+0.005366829706088266*I,-0.056626536973005355+0.013761285466755459*I,0.05759439515110627-0.05955367844299481*I,0.015126594374700703-0.005366829706088264*I,0.05212305279795123,-0.05605916900843674-0.017836529570341327*I,-0.16400361257064017+0.18070829756057954*I,-0.056626536973005244-0.013761285466755561*I,-0.0560591690084366+0.01783652957034135*I,0.47421671087694517
0.4428063853320409,0.023379017224922957-0.02962804855693582*I,-0.0027032704952926413-0.02464139367425964*I,0.06683921298413104+0.30373622000073563*I,0.023379017224922916+0.02962804855693583*I,0.015157757584382824,0.0024801726884069834+0.0041366024195827154*I,-0.026201127529539424+0.01357233120405198*I,-0.00270327049529255+0.02464139367425963*I,0.002480172688406993-0.0041366024195827085*I,0.05719361466668895,-0.02337901722572174+0.029628048557230814*I,0.06683921298413097-0.3037362200007346*I,-0.026201127529539424-0.013572331204051997*I,-0.02337901722572181-0.029628048557230908*I,0.484842242415863
0.43775167892507355,0.021704271769543794+0.02031157638680533*I,-0.035290499579009635+0.03688183057436804*I,-0.012598426157369669-0.2441735160001823*I,0.021704271769543718-0.020311576386805287*I,0.02011014920398007,0.011230503327298687-0.0050162132018000075*I,-0.03318711258032889-0.022789864957257027*I,-0.03529049957900946-0.036881830574368016*I,0.011230503327298701+0.005016213201800017*I,0.06224832107391887,-0.021704271769968544-0.0203115763866931*I,-0.01259842615736978+0.24417351600018267*I,-0.033187112580328804+0.022789864957257096*I,-0.021704271769968548+0.02031157638669309*I,0.47988985079611385
0.4423683161177099,0.02736090989077983-0.030096204923030657*I,-0.016611627126877842-0.05012736658098454*I,0.02564380440553711+0.1793281154728782*I,0.02736090989077989+0.030096204923030726*I,0.02681980517260461,0.010060085471377336-0.009559264932378523*I,-0.014653856049220036-0.00500723156595375*I,-0.016611627126877734+0.05012736658098442*I,0.010060085471377343+0.009559264932378492*I,0.05763168388148568,-0.027360909890736786+0.03009620492353522*I,0.02564380440553725-0.1793281154728784*I,-0.014653856049219984+0.005007231565953789*I,-0.027360909890736723-0.0300962049235352*I,0.4731801948282954
0.46423369302969864,0.047394025064019046+0.009615873780682911*I,0.01799730212520824-0.017330641185918018*I,-0.03716500997798161-0.18074885661323056*I,0.047394025064019095-0.009615873780682871*I,0.03753828255373009,0.006351655851504131-0.004455930538378905*I,-0.040027293803596896-0.0003475637708948245*I,0.017997302125208284+0.017330641185918032*I,0.006351655851504136+0.004455930538378916*I,0.03576630697043227,-0.04739402506344596-0.00961587378018603*I,-0.03716500997798129+0.1807488566132306*I,-0.04002729380359693+0.0003475637708948266*I,-0.04739402506344594+0.009615873780186074*I,0.4624617174470113
0.4804547480842444,0.03410003977954304+0.0030691248506730514*I,0.000543502278272201+0.0057471273773373795*I,0.19246315692258872+0.06101256374345581*I,0.034100039779543075-0.0030691248506730614*I,0.03317314952715268,0.0021554737758356867+0.00116286875842059*I,-0.023969135439952233-0.008688279017820693*I,0.0005435022782721497-0.005747127377337387*I,0.0021554737758356867-0.001162868758420588*I,0.01954525191483856,-0.034100039780368165-0.003069124850347616*I,0.19246315692258814-0.06101256374345579*I,-0.02396913543995224+0.0086882790178207*I,-0.03410003978036814+0.003069124850347602*I,0.4668268504723323
0.4527474443549554,0.05622320326093646+0.01808153152172464*I,0.018149489990478645+0.023023545624102176*I,-0.0564565985757263+0.0871897612996703*I,0.056223203260936536-0.018081531521724464*I,0.03733276333018432,0.01683760622641243+0.007087752601238566*I,-0.03181329569334167-0.004185104434283632*I,0.01814948999047861-0.023023545624102287*I,0.01683760622641243-0.007087752601238551*I,0.04725255564406569,-0.0562232032613472-0.018081531521994768*I,-0.05645659857572672-0.08718976129967057*I,-0.031813295693341626+0.004185104434283613*I,-0.0562232032613473+0.01808153152199476*I,0.4626672366700049
0.4261358475128449,0.04423368608955225+0.021793398560389806*I,-0.030846317550261848+0.01442135106865165*I,-0.07349787832876838-0.016865048950499003*I,0.04423368608955238-0.02179339856038979*I,0.036159186192059725,0.009977579331413487+0.014569394701188001*I,-0.04131342330198862+0.01594976057076066*I,-0.03084631755026165-0.014421351068651604*I,0.009977579331413465-0.01456939470118803*I,0.07386415248622206,-0.04423368609044392-0.02179339855972655*I,-0.0734978783287683+0.01686504895049896*I,-0.041313423301988596-0.0159497605707607*I,-0.04423368609044409+0.02179339855972653*I,0.46384081380661485
0.42966761160865435,0.0339223616257206+0.008326874847625405*I,0.00527107972010551-0.020200959441267517*I,-0.021688338973160592-0.034406467720368664*I,0.03392236162572053-0.00832687484762537*I,0.03018285792381636,0.004230081182220881-0.000048996795580038944*I,-0.04481364915492685+0.0038551501652383667*I,0.005271079720105609+0.020200959441267565*I,0.004230081182220862+0.00004899679558004514*I,0.07033238839127687,-0.03392236162536097-0.008326874847201902*I,-0.021688338973160554+0.03440646772036854*I,-0.044813649154926874-0.0038551501652383476*I,-0.033922361625360935+0.008326874847201874*I,0.46981714207723024
0.46182729209588685,0.05662646332157814-0.001967648423055122*I,0.02378720165222563-0.017226537723895353*I,-0.03618812455756461-0.03577209463704749*I,0.05662646332157799+0.001967648423055086*I,0.04200617116258793,0.014810914406800841-0.006813376894763358*I,-0.04564713484191282-0.004976136362981246*I,0.023787201652225518+0.01722653772389534*I,0.01481091440680086+0.006813376894763328*I,0.03817270790309929,-0.05662646332195046+0.001967648423155984*I,-0.03618812455756441+0.035772094637047086*I,-0.04564713484191274+0.004976136362981219*I,-0.05662646332195024-0.0019676484231559606*I,0.4579938288383493
0.46938100611829964,0.05533590438974609-0.0028945181465465973*I,0.029702404008392125+0.03811736719640639*I,-0.07048833544586831-0.00674100195763471*I,0.05533590438974609+0.002894518146546572*I,0.03526034431008159,0.014215864050072238+0.005185077659934248*I,-0.03698096443257066+0.0124220736142375*I,0.029702404008392122-0.03811736719640655*I,0.014215864050072247-0.005185077659934215*I,0.030618993880775047,-0.05533590438967617+0.0028945181473275065*I,-0.07048833544586831+0.006741001957634711*I,-0.03698096443257069-0.012422073614237528*I,-0.05533590438967615-0.002894518147327517*I,0.4647396556909814
0.44185253447305417,0.04515460875085122-0.007465320493204422*I,-0.0002116063229124941+0.016097751965003577*I,-0.1046035609377672+0.08287295976823086*I,0.045154608750851234+0.007465320493204416*I,0.03095945448701597,0.009608333514902997+0.004501198593159692*I,-0.042284105347679686+0.01201151176386355*I,-0.00021160632291226597-0.016097751965003432*I,0.009608333514902995-0.004501198593159714*I,0.05814746552703248,-0.045154608750843164+0.007465320492903618*I,-0.10460356093776674-0.08287295976823099*I,-0.04228410534767961-0.01201151176386358*I,-0.04515460875084319-0.007465320492903656*I,0.4690405455126883
0.4591872378751977,0.040244050603384894-0.008027489025701502*I,4.27917292281679*^-6-0.037612934581931275*I,0.03758792593915895+0.1368515833170795*I,0.04024405060338489+0.008027489025701488*I,0.026674337424137964,0.002879193461427117+0.003938606460789705*I,-0.01819178440624717+0.009213138239218316*I,4.2791729228886725*^-6+0.03761293458193124*I,0.002879193461427099-0.003938606460789731*I,0.040812762125238,-0.040244050603045145+0.008027489025109821*I,0.037587925939158905-0.13685158331707975*I,-0.01819178440624714-0.009213138239218323*I,-0.040244050603045145-0.008027489025109824*I,0.4733256625761118
0.4728622723151571,0.024062653469404498+0.026209569696744015*I,0.011316827706812596+0.03047089469270686*I,0.18996923321035536-0.08276958684569898*I,0.024062653469404595-0.026209569696744088*I,0.0360124298829506,0.01381847425546562+0.0032998917672764742*I,-0.025146402134293287-0.01895216169092401*I,0.011316827706812648-0.030470894692706793*I,0.013818474255465644-0.0032998917672764578*I,0.0271377276837375,-0.024062653470334244-0.026209569696662438*I,0.1899692332103551+0.08276958684569904*I,-0.0251464021342933+0.018952161690923983*I,-0.024062653470334244+0.026209569696662535*I,0.46398757011656305
0.4302319412229486,0.05643308402345569-0.0064033367331052206*I,0.010446767300163508-0.009304262071676938*I,-0.20481743448004117-0.01072514524875761*I,0.05643308402345557+0.006403336733105208*I,0.0350154674288808,0.004668888979282817-0.004028209464564401*I,-0.05299544017851488+0.013063705138663655*I,0.010446767300163508+0.009304262071676974*I,0.004668888979282819+0.004028209464564394*I,0.06976805877578313,-0.0564330840244839+0.006403336733093703*I,-0.20481743448004072+0.010725145248757739*I,-0.05299544017851481-0.013063705138663695*I,-0.05643308402448361-0.006403336733093756*I,0.4649845325710068
0.47332724653268915,0.04049304816893588+0.013689120847442724*I,0.0017441706897637361+0.00493910929570226*I,0.21783256739260087-0.07424115712714623*I,0.04049304816893571-0.013689120847442705*I,0.03801028796912338,0.009234973060005983+0.0018598641581337966*I,-0.022086330874121447-0.016760995151869126*I,0.0017441706897637548-0.0049391092957022705*I,0.009234973060005999-0.0018598641581337927*I,0.02667275346782745,-0.04049304816837856-0.013689120847646525*I,0.21783256739260057+0.07424115712714621*I,-0.02208633087412139+0.01676099515186908*I,-0.040493048168378586+0.013689120847646596*I,0.46198971203092304
0.43798955959301167,0.02073498289082032-0.011372467187569662*I,-0.00589865461997496-0.01984102556490789*I,0.05183150455404161+0.17636459106092392*I,0.02073498289082033+0.011372467187569662*I,0.02803388959211958,0.0120458428884589+0.0008233765307899655*I,-0.016470130950118275+0.003912058005707422*I,-0.005898654619974932+0.019841025564907896*I,0.012045842888458861-0.0008233765307899671*I,0.06201044040694676,-0.020734982890960308+0.011372467187450911*I,0.051831504554041355-0.17636459106092414*I,-0.01647013095011827-0.003912058005707415*I,-0.0207349828909602-0.011372467187450832*I,0.47196611040720754
0.46858236457168406,0.05362535065426445-0.005687773051130914*I,0.009336270452207692-0.013218588879251193*I,-0.013970983200689286+0.126697230318189*I,0.05362535065426446+0.005687773051130903*I,0.03417452965542473,0.009081325311038667-0.003601757975213392*I,-0.028519564152253388-0.0012688925467227539*I,0.00933627045220767+0.01321858887925117*I,0.009081325311038693+0.003601757975213397*I,0.03141763542889619,-0.05362535065410239+0.0056877730511872586*I,-0.01397098320068928-0.1266972303181887*I,-0.02851956415225337+0.001268892546722709*I,-0.053625350654102524-0.0056877730511872655*I,0.465825470344162
0.44654784919730844,0.03922852435755357-0.00435101635572918*I,-0.023437470904570646-0.03562720378428471*I,0.008286987187491273+0.07720085411818736*I,0.03922852435755351+0.004351016355729193*I,0.034168939378933866,0.0028479431810741838-0.0038061231501334836*I,-0.02606310944781399-0.0017467810497439177*I,-0.023437470904570462+0.0356272037842848*I,0.002847943181074189+0.003806123150133469*I,0.05345215080189558,-0.039228524358154576+0.004351016355873443*I,0.00828698718749125-0.07720085411818746*I,-0.026063109447813922+0.0017467810497439114*I,-0.03922852435815454-0.004351016355873398*I,0.46583106062139
0.4614870567812535,0.03440239009492191+0.00634083210569339*I,0.006497011124807157+0.005073146494789203*I,0.05127221543352973+0.003926411920405242*I,0.034402390094921804-0.0063408321056934065*I,0.02769440976499059,0.009375552208391076+0.0009461261895547703*I,-0.017424032423129537+0.008651796860615112*I,0.006497011124807257-0.005073146494789195*I,0.009375552208391078-0.0009461261895547607*I,0.03851294321941701,-0.034402390094581105-0.006340832106004585*I,0.05127221543352989-0.003926411920405243*I,-0.01742403242312953-0.008651796860615102*I,-0.034402390094581035+0.0063408321060045925*I,0.4723055902341851
0.46063997954829006,0.046954294257980235+0.008744649411417636*I,0.00997092437035968-0.022662758954833426*I,0.061142750328185703-0.0536209616831757*I,0.0469542942579803-0.008744649411417654*I,0.03821323376581365,0.00794554480324392-0.006692946427293679*I,-0.020864172123534076-0.0194608996641929*I,0.009970924370359676+0.022662758954833356*I,0.007945544803243915+0.006692946427293695*I,0.03936002045034092,-0.04695429425855163-0.008744649411310725*I,0.06114275032818574+0.05362096168317558*I,-0.020864172123534003+0.019460899664192934*I,-0.0469542942585518+0.00874464941131075*I,0.4617867662352639
0.4522397707296678,0.03189823590691828-0.010019329485595507*I,-0.0051799394546319134-0.02391471479126403*I,0.030681424165976492+0.11827425425611489*I,0.031898235906918225+0.01001932948559549*I,0.025983155459027133,0.012295696023018488-0.0011551124097815215*I,-0.019095621830446+0.0066096842790307146*I,-0.005179939454631854+0.02391471479126396*I,0.012295696023018504+0.0011551124097815115*I,0.04776022927020984,-0.03189823590646501+0.010019329485803561*I,0.030681424165976513-0.118274254256115*I,-0.01909562183044607-0.0066096842790307085*I,-0.03189823590646502-0.01001932948580356*I,0.474016844541065
0.45222796940475607,0.03749101528526631-0.005519410313659261*I,-0.013548323691078895-0.014224779236590632*I,0.050446916096413844+0.1363983569440918*I,0.03749101528526633+0.005519410313659281*I,0.03394612744098617,-0.0007861514573987648+0.004597477307674437*I,-0.028040719518784632+0.01810619848857692*I,-0.013548323691078964+0.014224779236590617*I,-0.000786151457398749-0.004597477307674439*I,0.04777203059455025,-0.037491015284959385+0.00551941031369854*I,0.05044691609641394-0.136398356944092*I,-0.028040719518784653-0.01810619848857686*I,-0.03749101528495931-0.005519410313698565*I,0.4660538725596619
0.4554133586977009,0.019879515163841135+0.012764633321946633*I,-0.019708696628561458+0.0013904361122163414*I,0.12976360221567582-0.08145933780467314*I,0.01987951516384112-0.012764633321946594*I,0.0314604726806604,0.008548342086617379+0.0016256774917714554*I,-0.016689162526777997-0.00815045180948478*I,-0.01970869662856152-0.0013904361122163468*I,0.008548342086617394-0.0016256774917714598*I,0.04458664130280496,-0.01987951516304934-0.012764633321941768*I,0.12976360221567568+0.08145933780467296*I,-0.01668916252677805+0.008150451809484809*I,-0.019879515163049345+0.012764633321941724*I,0.4685395273198683
0.4493039578684811,0.04926797662731668-0.006421623977777614*I,0.005133337965225219-0.02175679081367059*I,-0.05116999034791675+0.1350647566775656*I,0.04926797662731678+0.006421623977777593*I,0.03395822349978083,0.0049635716877733825+0.006080634539904471*I,-0.029985963035697907+0.019664816315092426*I,0.005133337965225179+0.02175679081367055*I,0.004963571687773393-0.00608063453990448*I,0.050696042131833,-0.04926797662707119+0.006421623977461557*I,-0.051169990347916625-0.13506475667756584*I,-0.0299859630356979-0.019664816315092485*I,-0.04926797662707125-0.006421623977461496*I,0.46604177650001904
0.45580856890910215,0.043815353475453477+0.007675499234098375*I,0.008459557332816904-0.004188181295575248*I,-0.03419107996238273+0.04069546326286844*I,0.04381535347545356-0.007675499234098373*I,0.032109533538929244,0.009198313433618514+0.005882889954308382*I,-0.03305652956584913+0.01394749745388783*I,0.008459557332816756+0.004188181295575278*I,0.009198313433618542-0.005882889954308361*I,0.04419143108971397,-0.04381535347583837-0.007675499233542745*I,-0.034191079962382694-0.040695463262868055*I,-0.03305652956584918-0.013947497453887812*I,-0.04381535347583835+0.0076754992335427525*I,0.4678904664614296
0.45669938169357716,0.04588952724044613-0.0027907711199951224*I,0.02266858090002538-0.009517812968764462*I,-0.06607001071405925+0.017164673957978598*I,0.045889527240446024+0.0027907711199951783*I,0.030402220104245987,0.011105152848422646-0.0009851907269597733*I,-0.03197067581768325+0.005226510998702671*I,0.02266858090002546+0.00951781296876447*I,0.011105152848422664+0.000985190726959781*I,0.04330061830524128,-0.045889527240707814+0.002790771120838492*I,-0.0660700107140591-0.017164673957978598*I,-0.03197067581768335-0.00522651099870268*I,-0.04588952724070786-0.002790771120838494*I,0.4695977798962676
0.4575434958041246,0.055109571355665465+0.021920743573111443*I,0.02648264272139702+0.008932460239209163*I,-0.033449792027682064-0.1549488841614112*I,0.05510957135566544-0.021920743573111478*I,0.038121506001826774,0.013763393145582111-0.0011997135070926594*I,-0.04494140759875527-0.007445764939408654*I,0.026482642721396953-0.008932460239209182*I,0.013763393145582059+0.001199713507092665*I,0.04245650419502334,-0.05510957135613361-0.021920743572442183*I,-0.03344979202768208+0.15494888416141184*I,-0.044941407598755326+0.007445764939408693*I,-0.05510957135613341+0.02192074357244212*I,0.4618784939977628
0.44907099100894277,0.05293798164200403+0.011680419157788322*I,0.007823615939155957-0.00003946785631440467*I,-0.17568222140806852-0.015314777039716173*I,0.05293798164200389-0.011680419157788315*I,0.03650905340459159,0.004180890999121335+0.002700846945612937*I,-0.05063259685163792+0.00034520720545935617*I,0.007823615939156136+0.000039467856314393803*I,0.00418089099912134-0.0027008469456129523*I,0.050929008990413624,-0.05293798164271332-0.011680419157687126*I,-0.17568222140806883+0.015314777039716093*I,-0.05063259685163801-0.0003452072054593668*I,-0.052937981642713475+0.011680419157687158*I,0.4634909465945995
0.4619266152056274,0.04093735822334461+0.0168784905932572*I,-0.0032330010000371917+0.0028328174366871284*I,0.03504813298963683-0.08190327897519743*I,0.040937358223344655-0.01687849059325718*I,0.03788562734952376,0.011114763514656784+0.00013626110685022245*I,-0.025607008306000576-0.008862534945742425*I,-0.0032330010000371787-0.0028328174366871284*I,0.01111476351465674-0.00013626110685024617*I,0.038073384793537245,-0.0409373582241949-0.016878490593635845*I,0.035048132989636924+0.08190327897519724*I,-0.025607008306000604+0.008862534945742425*I,-0.04093735822419495+0.016878490593635866*I,0.462114372650483
0.45824770814376886,0.04176082710324578+0.024856034585209984*I,0.012047756922611185+0.02523886239166721*I,0.05625331762891621-0.09771274225551173*I,0.04176082710324601-0.024856034585209963*I,0.04276786301820372,0.013932676488657635+0.004722445024071266*I,-0.020526455361312992-0.013585702163453851*I,0.012047756922611251-0.025238862391667338*I,0.013932676488657704-0.004722445024071266*I,0.041752291855962166,-0.041760827103275756-0.024856034584931862*I,0.056253317628916236+0.09771274225551127*I,-0.020526455361312996+0.013585702163453884*I,-0.041760827103275854+0.024856034584931828*I,0.4572321369822651
0.4704249166320218,0.033052428925512585+0.008644989536419522*I,0.004165153975760284+0.009120742224009284*I,0.2104974872705133-0.003354070923411938*I,0.033052428925512536-0.008644989536419566*I,0.03284925128661651,0.007110160900234127+0.00033868519524013734*I,-0.010264753346575324-0.004351715229617324*I,0.004165153975760262-0.009120742224009324*I,0.007110160900234147-0.00033868519524013984*I,0.029575083366790548,-0.033052428926364855-0.008644989536035071*I,0.21049748727051393+0.0033540709234119517*I,-0.010264753346575364+0.004351715229617319*I,-0.03305242892636488+0.00864498953603508*I,0.4671507487131302
0.4594025647030149,0.052479572772206336+0.003628898409903048*I,0.027792152158721665+0.0298412801933917*I,-0.05523153323810931+0.020670591181360807*I,0.052479572772206405-0.003628898409902998*I,0.03554094880894255,0.018234604945289706+0.005453903334851507*I,-0.051220265704055024+0.0012695689498312085*I,0.02779215215872157-0.029841280193391724*I,0.018234604945289657-0.005453903334851548*I,0.040597435296638645,-0.0524795727726289-0.0036288984106596506*I,-0.05523153323810941-0.020670591181360845*I,-0.05122026570405497-0.001269568949831254*I,-0.05247957277262868+0.0036288984106596237*I,0.4644590511910357
0.44858513394648336,0.04768416013750017+0.00766037546394983*I,0.0143243970512727+0.0021137875693344977*I,-0.13179372156768457-0.09448065679889157*I,0.04768416013750014-0.007660375463949818*I,0.03097506287986467,0.01512285188742818+0.0014032274471501435*I,-0.04392624741845193-0.00540379974955725*I,0.014324397051272619-0.0021137875693345003*I,0.015122851887428224-0.001403227447150139*I,0.051414866054082145,-0.04768416013702087-0.007660375463958106*I,-0.13179372156768449+0.0944806567988919*I,-0.043926247418451914+0.005403799749557236*I,-0.047684160137020995+0.007660375463958106*I,0.46902493712009313
0.45107703100408897,0.0649905347926058+0.007732384726174849*I,0.03605340689254895+0.012896521672110093*I,-0.15579439730313283+0.011013694578820333*I,0.06499053479260594-0.007732384726174834*I,0.04262730332724823,0.010663898094241498+0.0027229273843394452*I,-0.055554425981345905-0.0007733751226712898*I,0.03605340689254894-0.01289652167211014*I,0.01066389809424151-0.0027229273843394535*I,0.048922968995987144,-0.06499053479290208-0.007732384726926036*I,-0.1557943973031326-0.011013694578820312*I,-0.0555544259813459+0.000773375122671301*I,-0.06499053479290207+0.007732384726926024*I,0.4573726966726715
0.4623250224989313,0.023773380344079546+0.015516149600551029*I,-0.01306057789595746+0.020984337863593442*I,0.131479128417728-0.12342912863701805*I,0.02377338034407967-0.01551614960055101*I,0.03493658813986767,0.012957718717488418+0.0032328392121022532*I,-0.018106637697356022-0.02113611534920144*I,-0.013060577895957534-0.02098433786359342*I,0.012957718717488352-0.003232839212102256*I,0.0376749775014906,-0.02377338034357787-0.015516149600646748*I,0.13147912841772794+0.12342912863701809*I,-0.018106637697356036+0.021136115349201425*I,-0.023773380343577934+0.015516149600646744*I,0.4650634118607492
0.4536129010005077,0.03828436617177863-0.0019360620182866635*I,0.012668736840790003-0.01257868021487112*I,-0.012869282195309934+0.06449265738494278*I,0.0382843661717786+0.0019360620182866392*I,0.033808370202802876,0.011212990590531045+0.002135325960191784*I,-0.012182751548620679+0.014272397490224444*I,0.01266873684078986+0.012578680214871145*I,0.011212990590531071-0.002135325960191797*I,0.0463870989995057,-0.03828436617131168+0.0019360620187475188*I,-0.012869282195309969-0.06449265738494264*I,-0.012182751548620644-0.014272397490224452*I,-0.038284366171311625-0.0019360620187475223*I,0.46619162979711015
0.45203144471263607,0.02865751907869374-0.0262739621457714*I,0.010393841359839512-0.014515543265507871*I,0.03132353260903668+0.14168445201266988*I,0.028657519078693686+0.026273962145771372*I,0.03263649446855623,0.013548078974787409+0.001160086953483778*I,-0.031193370334760624+0.018115548333584693*I,0.010393841359839588+0.014515543265507897*I,0.013548078974787407-0.001160086953483777*I,0.047968555285520305,-0.028657519079360292+0.026273962146129693*I,0.03132353260903649-0.14168445201267013*I,-0.03119337033476061-0.018115548333584707*I,-0.028657519079360275-0.026273962146129686*I,0.46736350553212264
0.45644946926695856,0.052457977140429074-0.005550088541437899*I,0.02504297425918057-0.017207367980247513*I,-0.15978969398328607+0.1172753469888796*I,0.05245797714042903+0.005550088541437901*I,0.04080153884843192,0.013538030843950504+0.0010439650225089999*I,-0.04622886842068411+0.012214187236989154*I,0.025042974259180527+0.017207367980247596*I,0.013538030843950553-0.0010439650225089964*I,0.04355053073299155,-0.052457977139848844+0.005550088541827713*I,-0.15978969398328643-0.11727534698887976*I,-0.04622886842068412-0.012214187236989128*I,-0.052457977139848753-0.005550088541827706*I,0.4591984611524584
0.4507271096342653,0.04433515188840461+0.004910432138408265*I,0.005897566661372039-0.01790620160452218*I,-0.04832109644076131+0.06009643173738245*I,0.04433515188840453-0.004910432138408244*I,0.0354255591855941,0.0077915717092051145-0.0024495468692289787*I,-0.03495949057972573+0.010451361791416095*I,0.005897566661372082+0.017906201604522165*I,0.007791571709205107+0.0024495468692289804*I,0.04927289036463709,-0.04433515188900855-0.004910432138471304*I,-0.04832109644076121-0.06009643173738251*I,-0.03495949057972569-0.010451361791416104*I,-0.044335151889008426+0.004910432138471273*I,0.46457444081477983
0.4612126621259685,0.04111412449567677-0.004622955174636123*I,0.019956738157371336-0.009386862451519823*I,0.03002505321387458-0.009966778836669974*I,0.041114124495676564+0.004622955174636162*I,0.0374543338140721,0.01568957755113459-0.0020146415820600618*I,-0.03002160182673603+0.004180371006962813*I,0.019956738157371267+0.00938686245151982*I,0.015689577551134547+0.0020146415820600635*I,0.038787337873549925,-0.041114124496189335+0.004622955173786258*I,0.030025053213874428+0.009966778836669885*I,-0.030021601826736025-0.004180371006962825*I,-0.04111412449618931-0.004622955173786259*I,0.4625456661854079
0.4556043610741213,0.04115092814935647-0.007208748036092189*I,0.01578435328251857+0.0036719110226394896*I,0.0025515069954961628+0.002323759646083192*I,0.04115092814935633+0.007208748036092125*I,0.04629436321299869,0.014548006593320386-0.001456793744057015*I,-0.03414688567359776+0.009278583724234991*I,0.015784353282518558-0.003671911022639497*I,0.014548006593320395+0.0014567937440570257*I,0.04439563892468317,-0.04115092814989976+0.007208748035754212*I,0.0025515069954962556-0.0023237596460831443*I,-0.03414688567359776-0.009278583724235007*I,-0.04115092814989984-0.007208748035754244*I,0.4537056367880835
0.4526551747207632,0.032060459628326404-0.00460251245057051*I,0.0031431773541200263+0.014294451106682527*I,0.0178238856330038+0.04712053589705459*I,0.03206045962832636+0.004602512450570531*I,0.04626728084757142,0.01378895904890427-0.0024259224783302253*I,-0.03084076995770103-0.007618032751460493*I,0.003143177354119897-0.01429445110668246*I,0.013788959048904295+0.002425922478330217*I,0.047344825278990095,-0.03206045962854354+0.004602512451298494*I,0.017823885633003828-0.047120535897054665*I,-0.030840769957700975+0.007618032751460486*I,-0.03206045962854367-0.004602512451298509*I,0.4537327191508071
0.44910585497546657,0.018233363888066123+0.0006743387108644875*I,-0.029478302506635797-0.010073376920523744*I,0.07592298170586306+0.03277372099051308*I,0.018233363888066106-0.0006743387108645222*I,0.038828963975071004,0.005700357154760806+0.0024757883462403225*I,-0.032345364897937455-0.003673586374552667*I,-0.029478302506635797+0.010073376920523677*I,0.0057003571547608115-0.0024757883462403012*I,0.05089414502463533,-0.018233363887688585-0.0006743387103704616*I,0.07592298170586305-0.0327737209905131*I,-0.032345364897937344+0.0036735863745526523*I,-0.01823336388768852+0.0006743387103704288*I,0.4611710360245158
0.45719094319950393,0.03312820927319102-0.007653023189275604*I,0.01551513592678229+0.004602640183938663*I,0.02657534921280071+0.035945017007895715*I,0.03312820927319092+0.0076530231892756205*I,0.046080219277386356,0.01532969797879618-0.0037445345381408235*I,-0.016938964128648367+0.0027939527482542595*I,0.015515135926782228-0.004602640183938657*I,0.015329697978796152+0.0037445345381408135*I,0.0428090567995387,-0.03312820927413658+0.007653023189723118*I,0.026575349212800796-0.035945017007895756*I,-0.0169389641286484-0.0027939527482542716*I,-0.0331282092741365-0.007653023189723126*I,0.4539197807225479
0.4497328319169847,0.023118366157910436+0.003136070134243554*I,-0.028293921944499405+0.015536728064627801*I,0.11883070443050023+0.01414554857344244*I,0.023118366157910467-0.0031360701342435485*I,0.03968161786829421,0.007857721191763818+0.002288098373960168*I,-0.02181945940416593-0.012056473613729479*I,-0.028293921944499603-0.015536728064627787*I,0.007857721191763829-0.002288098373960169*I,0.05026716808301997,-0.02311836615764417-0.0031360701334530545*I,0.11883070443050024-0.014145548573442471*I,-0.021819459404165915+0.01205647361372944*I,-0.023118366157644156+0.00313607013345304*I,0.46031838213100207
0.46465400848592747,0.035578138427722644-0.007248294885003651*I,0.006208453029189556+0.002950371620158877*I,0.15032966305161927+0.05216873894233254*I,0.03557813842772263+0.007248294885003644*I,0.04892851934696717,0.005240152689818+0.002988052286261517*I,-0.01470062761354585+0.014126866350009771*I,0.0062084530291895545-0.002950371620158809*I,0.0052401526898180045-0.002988052286261524*I,0.03534599151331363,-0.03557813842880039+0.0072482948843193415*I,0.15032966305161946-0.052168738942332496*I,-0.01470062761354583-0.014126866350009733*I,-0.03557813842880034-0.007248294884319312*I,0.45107148065232433
0.44875235398479435,0.04311304764869911+0.010304875594766729*I,0.027972144498944564+0.006099386526402246*I,-0.05590711268743527+0.007351838059934382*I,0.04311304764869921-0.010304875594766687*I,0.04840547456693252,0.01658917574771136+0.0015950798587072153*I,-0.0326454942027865-0.0024617492764087323*I,0.027972144498944685-0.006099386526402275*I,0.01658917574771136-0.001595079858707195*I,0.05124764601473988,-0.04311304764941327-0.010304875594835367*I,-0.055907112687435194-0.007351838059934457*I,-0.03264549420278658+0.002461749276408766*I,-0.0431130476494133+0.010304875594835382*I,0.4515945254322287
0.4445262796559526,0.039364944901276205-0.003779566288128169*I,0.015635454666388892-0.0044519569905398714*I,0.02164166973529378+0.01775834281736657*I,0.03936494490127609+0.003779566288128175*I,0.054301963721659706,0.008040414606662789-0.006169223720665779*I,-0.030938500052269866+0.009296964495081559*I,0.01563545466638886+0.004451956990539915*I,0.00804041460666278+0.00616922372066578*I,0.05547372034292335,-0.039364944902184396+0.0037795662883112644*I,0.02164166973529385-0.017758342817366525*I,-0.030938500052269856-0.009296964495081609*I,-0.03936494490218437-0.0037795662883112766*I,0.44569803627833643
0.4505436816688222,0.03627041533185448-0.006011086370542838*I,0.014233518612107114-0.019297485451725785*I,0.03276088677665973+0.08785528270792539*I,0.03627041533185448+0.006011086370542804*I,0.054106709447485975,0.009739996976540335+0.006504638173791909*I,-0.05803533872928671+0.0014231835010707088*I,0.014233518612106992+0.01929748545172578*I,0.009739996976540327-0.006504638173791893*I,0.049456318330273405,-0.03627041533235368+0.006011086370768502*I,0.032760886776659795-0.08785528270792528*I,-0.05803533872928671-0.0014231835010706938*I,-0.036270415332353666-0.006011086370768552*I,0.4458932905532418
0.431686752588818,0.0367137301126393+0.009218640079689915*I,0.02898443687028977+0.019421037529132542*I,0.023393959178555246-0.10230757166857178*I,0.03671373011263939-0.00921864007968995*I,0.05151274016946356,0.01043239169562434-0.0013673102843396552*I,-0.0345038691223236+0.008773979713175579*I,0.028984436870289915-0.019421037529132483*I,0.01043239169562432+0.0013673102843396593*I,0.06831324741053765,-0.036713730112847044-0.009218640079140056*I,0.023393959178555225+0.10230757166857193*I,-0.034503869122323644-0.008773979713175591*I,-0.0367137301128469+0.009218640079140117*I,0.4484872598307717
0.4424222992609466,0.04583050744418777-0.006234553818772929*I,0.00843960330710611-0.009954354412151905*I,-0.06537082298693425-0.011016364568427861*I,0.045830507444187825+0.006234553818772895*I,0.06160784611170606,0.01491305265952414+0.0009821233682667612*I,-0.06437189931430609+0.014460369307290598*I,0.008439603307106079+0.009954354412151799*I,0.014913052659524138-0.0009821233682667666*I,0.057577700738949786,-0.04583050744392771+0.006234553818252158*I,-0.0653708229869342+0.011016364568427925*I,-0.06437189931430595-0.014460369307290655*I,-0.045830507443927845-0.006234553818252166*I,0.4383921538886908
0.436128415759518,0.04365958682654764-0.006332060710253643*I,0.023547080157127722+0.018224712261248124*I,0.04441504182762809+0.058267582137957186*I,0.043659586826547456+0.006332060710253582*I,0.06396843223268318,0.012338170896447077-0.006296562508971459*I,-0.028229330367446015+0.008302810426520408*I,0.023547080157127837-0.018224712261248124*I,0.012338170896447124+0.006296562508971439*I,0.0638715842406651,-0.04365958682581715+0.0063320607111269685*I,0.04441504182762812-0.05826758213795701*I,-0.028229330367446067-0.00830281042652039*I,-0.04365958682581718-0.006332060711126936*I,0.43603156776651886
