"Choi matrices from t=0 to t=1000 log spaced, 100 points. Initial state of environment generated with SeedRandom[82839];Ïˆ=RandomChainProductState[L-1];"
0.49506264667034094,0.008228922215207492+0.04875022098412657*I,0.008228922215720596+0.048750220983654245*I,0.4676329059510358-0.16250073661368694*I,0.00822892221520748-0.04875022098412668*I,0.004937353329451954,0.004937353329413969,-0.008228922216324722-0.04875022098393349*I,0.008228922215720616-0.048750220983654245*I,0.004937353329413958,0.004937353329375984,-0.008228922215685015-0.04875022098365596*I,0.4676329059510354+0.16250073661368733*I,-0.00822892221632469+0.04875022098393357*I,-0.008228922215685013+0.04875022098365582*I,0.49506264667025457
0.4940682783518964,0.009886202745990015+0.053225355776301116*I,0.009886202746558374+0.05322535577584116*I,0.4611142691966844-0.17741785258759424*I,0.009886202745990032-0.05322535577630096*I,0.005931721647916236,0.005931721647878047,-0.009886202747094185-0.05322535577609379*I,0.009886202746558367-0.05322535577584127*I,0.005931721647878071,0.005931721647839902,-0.009886202746398575-0.053225355775868635*I,0.46111426919668425+0.17741785258759396*I,-0.009886202747094158+0.053225355776093705*I,-0.009886202746398528+0.05322535577586857*I,0.4940682783518552
0.49287742237109683,0.011870962714032441+0.05804858264015755*I,0.01187096271465755+0.05804858263972101*I,0.45330754665578255-0.19349527546710346*I,0.011870962714032414-0.05804858264015756*I,0.007122577628735407,0.007122577628699027,-0.011870962715120304-0.0580485826399349*I,0.01187096271465754-0.058048582639720694*I,0.007122577628699046,0.007122577628662655,-0.011870962714373915-0.05804858263977866*I,0.4533075466557823+0.1934952754671038*I,-0.011870962715120326+0.05804858263993483*I,-0.011870962714373887+0.05804858263977869*I,0.4928774223710941
0.4914529532319506,0.014245077945990422+0.0632261744043563*I,0.014245077946671849+0.0632261744039554*I,0.4439693600768156-0.21075391468108234*I,0.014245077945990376-0.06322617440435631*I,0.008547046767902756,0.008547046767870966,-0.014245077947058524-0.0632261744041171*I,0.014245077946671885-0.06322617440395538*I,0.00854704676787094,0.008547046767839128,-0.014245077946270897-0.06322617440404733*I,0.44396936007681553+0.21075391468108265*I,-0.014245077947058508+0.06322617440411735*I,-0.014245077946270881+0.06322617440404744*I,0.4914529532319748
0.48975150335095213,0.017080827747702722+0.06875654124772271*I,0.017080827748437447+0.06875654124737199*I,0.432815410856811-0.22918847082561608*I,0.017080827747702677-0.06875654124772285*I,0.01024849664892155,0.010248496648897881,-0.017080827748747356-0.0687565412474661*I,0.017080827748437426-0.06875654124737185*I,0.010248496648897905,0.01024849664887428,-0.01708082774793376-0.06875654124749994*I,0.432815410856812+0.22918847082561664*I,-0.017080827748747363+0.06875654124746611*I,-0.017080827747933784+0.0687565412474999*I,0.48975150335098916
0.48772277456881186,0.020462042384645225+0.07462698756281622*I,0.02046204238542669+0.07462698756253049*I,0.41951596661823015-0.24875662520923442*I,0.020462042384645242-0.07462698756281619*I,0.012277225431077236,0.012277225431066281,-0.02046204238566269-0.07462698756254009*I,0.02046204238542668-0.0746269875625306*I,0.01227722543106627,0.012277225431055297,-0.020462042384844753-0.07462698756269263*I,0.4195159666182294+0.2487566252092344*I,-0.020462042385662644+0.07462698756253981*I,-0.020462042384844645+0.0746269875626927*I,0.4877227745688411
0.485308958753892,0.02448506874287582+0.08080950030018504*I,0.024485068743693078+0.08080950029997848*I,0.40369206294256876-0.2693650010004298*I,0.02448506874287581-0.08080950030018533*I,0.01469104124600451,0.014691041246011335,-0.024485068743862574-0.08080950029988644*I,0.024485068743693085-0.08080950029997842*I,0.014691041246011359,0.014691041246018176,-0.024485068743068068-0.08080950030016802*I,0.40369206294256993+0.2693650010004301*I,-0.024485068743862533+0.08080950029988605*I,-0.024485068743068012+0.080809500300168*I,0.4853089587538971
0.4824443913499083,0.02925934774953158+0.08725534653642503*I,0.029259347750369383+0.08725534653630919*I,0.38491323218308554-0.29085115512119086*I,0.029259347749531706-0.08725534653642497*I,0.017555608649985864,0.017555608650015746,-0.029259347750484825-0.08725534653610029*I,0.029259347750369393-0.08725534653630954*I,0.01755560865001572,0.017555608650045598,-0.02925934774974676-0.08725534653651314*I,0.38491323218308515+0.29085115512119153*I,-0.029259347750484818+0.08725534653610065*I,-0.0292593477497468+0.08725534653651311*I,0.48244439134986017
0.47905562480157493,0.03490729199674903+0.09388824054244131*I,0.03490729199758746+0.09388824054242242*I,0.36269798481069754-0.31296080180786995*I,0.034907291996749044-0.09388824054244152*I,0.020944375198302983,0.02094437519836043,-0.03490729199766686-0.09388824054208628*I,0.0349072919975874-0.09388824054242238*I,0.020944375198360406,0.02094437519841777,-0.03490729199701977-0.09388824054261953*I,0.3626979848106972+0.31296080180787156*I,-0.03490729199766685+0.09388824054208632*I,-0.0349072919970197+0.09388824054261952*I,0.47905562480144775
0.4750621961007643,0.0415630064980638+0.10059584671877758*I,0.041563006498879784+0.10059584671885242*I,0.3365188411054954-0.33531948906227865*I,0.041563006498063736-0.10059584671877805*I,0.024937803899077477,0.024937803899164595,-0.041563006498945454-0.10059584671838546*I,0.0415630064988799-0.10059584671885191*I,0.024937803899164616,0.024937803899251775,-0.041563006498419805-0.1005958467190143*I,0.33651884110549374+0.3353194890622791*I,-0.04156300649894534+0.10059584671838562*I,-0.04156300649841977+0.1005958467190145*I,0.47506219610053757
0.47037848036863333,0.049369199384881976+0.1072194364022072*I,0.04936919938565241+0.10721943640235901*I,0.3058144824172759-0.3573981213403266*I,0.04936919938488199-0.1072194364022072*I,0.02962151963115254,0.02962151963126794,-0.04936919938572729-0.10721943640176997*I,0.049369199385652485-0.10721943640235888*I,0.029621519631268016,0.029621519631383427,-0.04936919938534167-0.10721943640245363*I,0.3058144824172761+0.3573981213403262*I,-0.0493691993857274+0.10721943640176997*I,-0.04936919938534156+0.10721943640245389*I,0.4703784803682864
0.4649171757672397,0.05847137372044986+0.11354164881374801*I,0.058471373721156295+0.11354164881394635*I,0.2700125966972765-0.3784721627120789*I,0.05847137372044976-0.11354164881374754*I,0.03508282423247547,0.03508282423261274,-0.05847137372125956-0.11354164881325685*I,0.05847137372115637-0.11354164881394593*I,0.035082824232612705,0.03508282423275005,-0.05847137372101075-0.11354164881394734*I,0.2700125966972761+0.3784721627120765*I,-0.05847137372125953+0.11354164881325692*I,-0.05847137372101064+0.11354164881394709*I,0.4649171757667614
0.45859515601506357,0.06900807330731566+0.11927257314779922*I,0.06900807330795017+0.11927257314800094*I,0.22856824498881823-0.3975752438255327*I,0.06900807330731558-0.11927257314779888*I,0.04140484398457373,0.0414048439847217,-0.0690080733080892-0.11927257314724544*I,0.06900807330795021-0.11927257314800085*I,0.04140484398472159,0.04140484398486939,-0.06900807330794732-0.119272573147896*I,0.22856824498881798+0.3975752438255313*I,-0.069008073308089+0.11927257314724525*I,-0.06900807330794737+0.11927257314789562*I,0.4585951560144512
0.45134264871740587,0.08109558547001008+0.12403484923416327*I,0.08109558547058303+0.12403484923431873*I,0.18102403048210117-0.4134494974466985*I,0.08109558547000986-0.12403484923416276*I,0.04865735128216425,0.048657351282309844,-0.08109558547074477-0.1240348492335384*I,0.08109558547058303-0.12403484923431879*I,0.04865735128230985,0.04865735128245566,-0.08109558547065754-0.1240348492341254*I,0.18102403048210142+0.4134494974466974*I,-0.08109558547074483+0.12403484923353823*I,-0.08109558547065776+0.12403484923412572*I,0.45134264871667035
0.44311692629035426,0.09480512284841769+0.12734928920749397*I,0.09480512284896003+0.12734928920756614*I,0.12709985012693967-0.4244976306910945*I,0.09480512284841731-0.12734928920749441*I,0.056883073709175544,0.05688307370931217,-0.09480512284910793-0.12734928920679411*I,0.09480512284895984-0.12734928920756594*I,0.05688307370931227,0.05688307370944889,-0.09480512284902107-0.12734928920733438*I,0.12709985012693936+0.42449763069109475*I,-0.09480512284910779+0.12734928920679395*I,-0.09480512284902139+0.1273492892073348*I,0.4431169262895202
0.43392187408883615,0.11013020985101954+0.12862379682475994*I,0.11013020985157895+0.12862379682474243*I,0.06682117458332763-0.4287459894152834*I,0.11013020985101969-0.12862379682475997*I,0.06607812591069465,0.06607812591083145,-0.11013020985165888-0.12862379682398634*I,0.11013020985157908-0.12862379682474234*I,0.06607812591083127,0.0660781259109681,-0.11013020985155542-0.1286237968245367*I,0.06682117458332767+0.42874598941528513*I,-0.11013020985165926+0.12862379682398675*I,-0.11013020985155567+0.12862379682453667*I,0.4339218740879564
0.42383481279164037,0.12694197867982146+0.1271502729464738*I,0.12694197868044388+0.12715027294641432*I,0.0006948838567054924-0.42383424315432705*I,0.12694197867982182-0.12715027294647396*I,0.0761651872079249,0.07616518720809344,-0.12694197868041018-0.12715027294563944*I,0.12694197868044416-0.12715027294641412*I,0.07616518720809347,0.07616518720826192,-0.12694197868034904-0.1271502729462619*I,0.0006948838567054985+0.4238342431543265*I,-0.1269419786804102+0.1271502729456397*I,-0.12694197868034932+0.12715027294626174*I,0.42383481279081603
0.4130415918776528,0.14493068020328528+0.12211689995102196*I,0.14493068020398128+0.12211689995102186*I,-0.07006067546891623-0.4070563331695288*I,0.14493068020328503-0.1221168999510218*I,0.0869584081219451,0.0869584081221893,-0.14493068020383906-0.12211689995015519*I,0.14493068020398123-0.12211689995102179*I,0.08695840812218937,0.08695840812243333,-0.14493068020395722-0.12211689995084125*I,-0.07006067546891648+0.40705633316952927*I,-0.14493068020383906+0.12211689995015512*I,-0.14493068020395727+0.12211689995084121*I,0.4130415918770653
0.40187989255369555,0.16353351240994918+0.11264674232561563*I,0.1635335124106564+0.1126467423257907*I,-0.14323181548185676-0.37548914108494785*I,0.1635335124099489-0.11264674232561572*I,0.09812010744588329,0.09812010744622023,-0.16353351241051095-0.11264674232476811*I,0.1635335124106568-0.11264674232579087*I,0.09812010744622014,0.09812010744655722,-0.16353351241092656-0.11264674232536648*I,-0.1432318154818568+0.3754891410849486*I,-0.16353351241051103+0.11264674232476805*I,-0.16353351241092673+0.1126467423253665*I,0.40187989255362255
0.3908883511808082,0.18185274803135626+0.0978777325789327*I,0.1818527480319248+0.09787773257932739*I,-0.2152874755928879-0.3262591085961953*I,0.18185274803135604-0.09787773257893263*I,0.10911164881866922,0.10911164881903279,-0.18185274803197993-0.09787773257818928*I,0.18185274803192478-0.09787773257932737*I,0.10911164881903264,0.10911164881939593,-0.1818527480326227-0.09787773257844684*I,-0.21528747559288774+0.3262591085961954*I,-0.1818527480319797+0.0978777325781895*I,-0.18185274803262236+0.09787773257844697*I,0.3908883511815531
0.3808548046491772,0.19857532558391613+0.07710291933001989*I,0.1985753255841614+0.0771029193305084*I,-0.2810629472998267-0.25700973110008335*I,0.19857532558391597-0.07710291933001998*I,0.11914519535015167,0.11914519535037829,-0.19857532558462215-0.07710291932949928*I,0.19857532558416174-0.0771029193305085*I,0.11914519535037836,0.11914519535060523,-0.19857532558513294-0.07710291932930448*I,-0.2810629472998265+0.2570097311000828*I,-0.1985753255846226+0.07710291932949914*I,-0.19857532558513333+0.07710291932930458*I,0.38085480465085725
0.3728498128496691,0.2119169785830134+0.04999117592896263*I,0.21191697858285535+0.04999117592923265*I,-0.3335401157630074-0.16663725309685626*I,0.21191697858301303-0.04999117592896262*I,0.12715018714955983,0.12715018714950624,-0.2119169785837245-0.049991175928788094*I,0.2119169785828557-0.04999117592923252*I,0.1271501871495062,0.12715018714945242,-0.21191697858370379-0.04999117592847613*I,-0.33354011576300724+0.16663725309685615*I,-0.2119169785837247+0.04999117592878806*I,-0.21191697858370437+0.04999117592847603*I,0.3728498128519031
0.36822098015230453,0.21963169974536556+0.016903145225331182*I,0.21963169974499455+0.01690314522505*I,-0.3638846856680387-0.05634381741834088*I,0.21963169974536587-0.016903145225331172*I,0.13177901984693158,0.13177901984669743,-0.2196316997458978-0.016903145225558497*I,0.21963169974499455-0.016903145225050018*I,0.13177901984669702,0.13177901984646315,-0.21963169974548827-0.016903145225779532*I,-0.36388468566803883+0.056343817418340866*I,-0.21963169974589797+0.01690314522555847*I,-0.2196316997454883+0.016903145225779546*I,0.36822098015413723
0.3685098499321715,0.2191502501123559-0.020702254574835658*I,0.2191502501122313-0.020702254575706465*I,-0.36199098377775196+0.06900751524874964*I,0.21915025011235575+0.020702254574835665*I,0.13149015006711004,0.13149015006708495,-0.21915025011253603+0.020702254574301544*I,0.2191502501122315+0.020702254575706455*I,0.1314901500670849,0.13149015006705955,-0.21915025011257647+0.020702254573422757*I,-0.36199098377775174-0.06900751524874951*I,-0.21915025011253603-0.020702254574301537*I,-0.21915025011257633-0.02070225457342275*I,0.36850984993260305
0.37523934455627733,0.20793442573883086-0.059819571776394166*I,0.20793442573932922-0.059819571777422344*I,-0.31787540790810276+0.19939857258734373*I,0.20793442573883067+0.05981957177639411*I,0.12476065544301504,0.12476065544345519,-0.20793442573867735+0.05981957177578471*I,0.20793442573932938+0.059819571777422344*I,0.12476065544345526,0.12476065544389552,-0.20793442573964566+0.05981957177517859*I,-0.31787540790810254-0.19939857258734428*I,-0.2079344257386769-0.0598195717757847*I,-0.20793442573964568-0.05981957177517849*I,0.3752393445551797
0.389514445994274,0.18414259000883496-0.09553651607366173*I,0.18414259000977548-0.09553651607428441*I,-0.22429418736980394+0.31845505357853027*I,0.18414259000883507+0.09553651607366188*I,0.11048555400506929,0.11048555400566634,-0.18414259000858993+0.09553651607318248*I,0.1841425900097753+0.09553651607428425*I,0.11048555400566627,0.11048555400626352,-0.18414259000964045+0.09553651607359276*I,-0.22429418736980397-0.3184550535785306*I,-0.18414259000859018-0.09553651607318243*I,-0.18414259000964012-0.0955365160735925*I,0.38951444599262736
0.41139989812513855,0.1476668364573922-0.12101478544221439*I,0.14766683645822376-0.12101478544243166*I,-0.08082289006735514+0.40338261814083526*I,0.14766683645739226+0.12101478544221471*I,0.08860010187428916,0.08860010187465166,-0.14766683645736609+0.12101478544190918*I,0.1476668364582237+0.12101478544243155*I,0.08860010187465149,0.08860010187501391,-0.1476668364577423+0.12101478544268145*I,-0.08082289006735514-0.4033826181408353*I,-0.147666836457366-0.1210147854419089*I,-0.14766683645774256-0.12101478544268154*I,0.41139989812421734
0.4391158084439452,0.10147365259255334-0.1282119683410266*I,0.10147365259328142-0.12821196834128798*I,0.10087029980087914+0.4273732278040641*I,0.10147365259255348+0.1282119683410264*I,0.06088419155551176,0.06088419155575637,-0.10147365259295607+0.12821196834081836*I,0.10147365259328117+0.12821196834128784*I,0.06088419155575627,0.06088419155600098,-0.10147365259304326+0.128211968341587*I,0.10087029980087903-0.42737322780406456*I,-0.10147365259295589-0.1282119683408185*I,-0.10147365259304325-0.12821196834158682*I,0.43911580844441034
0.4682615405072389,0.052897432487456944-0.10983515635513043*I,0.052897432488352256-0.10983515635512485*I,0.29193676554748754+0.3661171878514337*I,0.052897432487457166+0.10983515635513003*I,0.03173845949257763,0.031738459492677465,-0.05289743248821264+0.109835156354877*I,0.05289743248835213+0.10983515635512475*I,0.0317384594926775,0.031738459492777364,-0.052897432487650005+0.10983515635557337*I,0.2919367655474879-0.36611718785143355*I,-0.05289743248821254-0.10983515635487713*I,-0.052897432487650026-0.10983515635557368*I,0.4682615405080027
0.49155714227179176,0.014071429546840545-0.06286606308696482*I,0.014071429547182783-0.06286606308640585*I,0.44465237711342037+0.20955354362396805*I,0.014071429546840548+0.06286606308696459*I,0.008442857728331437,0.008442857728269743,-0.01407142954775785+0.06286606308670006*I,0.014071429547182792+0.06286606308640579*I,0.008442857728269774,0.00844285772820809,-0.01407142954721001+0.06286606308634045*I,0.44465237711341987-0.20955354362396844*I,-0.014071429547757875-0.06286606308670002*I,-0.014071429547210018-0.06286606308634032*I,0.49155714227091
0.49991004264154393,0.00014992892975388547+0.006704335021949529*I,0.00014992892979596596+0.00670433502175069*I,0.49941027954007144-0.022347783406349728*I,0.00014992892975388498-0.006704335021949548*I,0.00008995735819366611,0.00008995735819101195,-0.00014992893089036102-0.006704335021918722*I,0.00014992892979596574-0.006704335021750681*I,0.000089957358191012,0.00008995735818835771,-0.00014992893083943338-0.006704335021721969*I,0.49941027954007083+0.022347783406349655*I,-0.00014992893089036107+0.006704335021918742*I,-0.00014992893083943357+0.006704335021721984*I,0.49991004264074335
0.48570089087568535,0.02383184853988093+0.07985695358282573*I,0.023831848540694624+0.07985695358260625*I,0.40626139574100967-0.2661898452758984*I,0.023831848539880924-0.07985695358282577*I,0.01429910912420992,0.014299109124213746,-0.02383184854087338-0.0798569535825302*I,0.023831848540694554-0.07985695358260624*I,0.014299109124213786,0.01429910912421752,-0.023831848540072434-0.07985695358279261*I,0.40626139574101056+0.2661898452758983*I,-0.02383184854087337+0.07985695358253074*I,-0.02383184854007247+0.07985695358279253*I,0.4857008908756957
0.4484621813094021,0.08589636448333629+0.12543754285802525*I,0.08589636448389512+0.12543754285815267*I,0.16214096636297923-0.4181251428595489*I,0.08589636448333615-0.1254375428580251*I,0.0515378186901497,0.05153781869029243,-0.08589636448405721-0.1254375428573722*I,0.08589636448389512-0.12543754285815273*I,0.0515378186902925,0.05153781869043513,-0.08589636448397411-0.12543754285793915*I,0.16214096636297895+0.41812514285955*I,-0.08589636448405726+0.12543754285737235*I,-0.0858963644839739+0.1254375428579388*I,0.44846218130862636
0.4008869223540022,0.1651884627427706+0.11156123179244107*I,0.1651884627434743+0.1115612317926336*I,-0.14974128679096455-0.37187077264104074*I,0.16518846274277038-0.11156123179244135*I,0.0991130776455714,0.09911307764591504,-0.1651884627433374-0.11156123179159676*I,0.16518846274347376-0.11156123179263377*I,0.09911307764591538,0.09911307764625876,-0.16518846274377844-0.11156123179217733*I,-0.14974128679096443+0.37187077264103996*I,-0.1651884627433373+0.11156123179159665*I,-0.16518846274377877+0.11156123179217764*I,0.4008869223539895
0.36943978866872806,0.21760035221795043+0.029735897449152327*I,0.2176003522176151+0.029735897449098797*I,-0.35589471872698925-0.09911965816432199*I,0.21760035221795038-0.029735897449152296*I,0.1305602113304952,0.1305602113302939,-0.21760035221857385-0.029735897449230473*I,0.21760035221761542-0.029735897449098773*I,0.13056021133029375,0.1305602113300921,-0.21760035221823712-0.02973589744919211*I,-0.3558947187269894+0.09911965816432193*I,-0.2176003522185738+0.029735897449230435*I,-0.21760035221823676+0.029735897449192167*I,0.3694397886708412
0.38166100626680494,0.19723165622127262-0.0791520891244311*I,0.1972316562220627-0.07915208912530079*I,-0.27577784780552145+0.2638402970809318*I,0.19723165622127276+0.07915208912443125*I,0.11833899373250258,0.1183389937330912,-0.1972316562210312+0.07915208912387556*I,0.1972316562220627+0.07915208912530076*I,0.11833899373309127,0.11833899373368008,-0.19723165622220326+0.07915208912379348*I,-0.2757778478055215-0.26384029708093165*I,-0.19723165622103103-0.07915208912387557*I,-0.19723165622220337-0.07915208912379348*I,0.3816610062652571
0.4388216496998981,0.10196391716596653-0.128256556169819*I,0.10196391716669141-0.1282565561700813*I,0.09894192581212355+0.4275218539000399*I,0.10196391716596646+0.12825655616981896*I,0.06117835029955732,0.061178350299802314,-0.10196391716636273+0.12825655616961218*I,0.10196391716669109+0.1282565561700811*I,0.06117835029980237,0.06117835030004749,-0.1019639171664547+0.1282565561703772*I,0.09894192581212348-0.4275218539000405*I,-0.10196391716636276-0.12825655616961196*I,-0.101963917166455-0.1282565561703773*I,0.43882164970035187
0.4943620962516753,0.009396506246918145-0.05195066492237816*I,0.009396506247113636-0.05195066492185067*I,0.4630404087596228+0.17316888307524342*I,0.009396506246918157+0.05195066492237829*I,0.005637903748402804,0.005637903748351091,-0.009396506247870312+0.05195066492214629*I,0.009396506247113657+0.05195066492185074*I,0.005637903748351081,0.005637903748299371,-0.009396506247502424+0.05195066492172071*I,0.4630404087596226-0.1731688830752438*I,-0.009396506247870303-0.05195066492214625*I,-0.009396506247502429-0.05195066492172061*I,0.4943620962505742
0.4813831086811977,0.031028152197383543+0.08943774811671495*I,0.03102815219822581+0.08943774811663034*I,0.3779559346882041-0.2981258270554664*I,0.03102815219738348-0.0894377481167149*I,0.018616891318694064,0.018616891318732617,-0.03102815219832714-0.08943774811638004*I,0.03102815219822594-0.0894377481166302*I,0.018616891318732627,0.018616891318771242,-0.031028152197613484-0.089437748116835*I,0.37795593468820365+0.29812582705546536*I,-0.031028152198327295+0.08943774811638017*I,-0.0310281521976134+0.0894377481168353*I,0.481383108681126
0.4021971956797696,0.16300467386648965+0.11298446762597343*I,0.1630046738672017+0.1129844676261381*I,-0.14115171721091374-0.3766148920861253*I,0.16300467386648934-0.11298446762597326*I,0.09780280431981109,0.09780280432014557,-0.16300467386705347-0.1129844676251201*I,0.1630046738672007-0.11298446762613823*I,0.09780280432014568,0.09780280432048025,-0.1630046738674573-0.11298446762572874*I,-0.14115171721091369+0.37661489208612486*I,-0.16300467386705353+0.11298446762512*I,-0.1630046738674572+0.11298446762572871*I,0.40219719567967765
0.3717599197934232,0.21373346701027165-0.04463773080482872*I,0.21373346701050933-0.04463773080587594*I,-0.34068497024259886+0.14879243601541603*I,0.2137334670102718+0.044637730804828725*I,0.12824008020586694,0.12824008020612948,-0.21373346701022847+0.04463773080422398*I,0.21373346701050946+0.04463773080587596*I,0.1282400802061294,0.12824008020639177,-0.21373346701086537+0.0446377308033593*I,-0.34068497024259875-0.14879243601541634*I,-0.21373346701022836-0.044637730804224014*I,-0.21373346701086493-0.04463773080335941*I,0.371759919792857
0.45649536243827044,0.0725077292688078-0.12083995402014198*I,0.0725077292696571-0.12083995402034946*I,0.21480293154088026+0.40279984673471875*I,0.07250772926880794+0.12083995402014179*I,0.04350463756133846,0.043504637561528336,-0.07250772926944486+0.12083995401992588*I,0.07250772926965701+0.12083995402034954*I,0.04350463756152836,0.04350463756171821,-0.07250772926922838+0.120839954020773*I,0.2148029315408803-0.40279984673471797*I,-0.07250772926944486-0.120839954019926*I,-0.07250772926922847-0.12083995402077309*I,0.45649536243919336
0.4919737466111883,0.013377088980574943+0.06139836676390003*I,0.013377088981239202+0.06139836676348459*I,0.44738345000742546-0.20466122254621483*I,0.013377088980574933-0.06139836676389985*I,0.008026253388657539,0.008026253388623778,-0.013377088981652217-0.061398366763666196*I,0.013377088981239146-0.061398366763484674*I,0.008026253388623764,0.008026253388589977,-0.013377088980875508-0.06139836676356485*I,0.4473834500074249+0.20466122254621552*I,-0.013377088981652274+0.06139836676366637*I,-0.013377088980875486+0.06139836676356505*I,0.4919737466112032
0.38574859184763555,0.1904190135865622+0.08839071826767075*I,0.19041901358699495+0.08839071826813324*I,-0.24898145344346856-0.29463572755876255*I,0.19041901358656171-0.08839071826767078*I,0.11425140815176778,0.11425140815208737,-0.1904190135872317-0.08839071826701383*I,0.19041901358699462-0.08839071826813312*I,0.11425140815208758,0.11425140815240718,-0.19041901358786414-0.08839071826704614*I,-0.24898145344346853+0.2946357275587625*I,-0.19041901358723165+0.0883907182670138*I,-0.19041901358786437+0.08839071826704628*I,0.3857485918488536
0.4169268789410202,0.13845520176423-0.1243606617512149*I,0.13845520176500384-0.12436066175141604*I,-0.04459046027426039+0.41453553917096353*I,0.1384552017642301+0.12436066175121477*I,0.08307312105841293,0.08307312105873019,-0.1384552017642796+0.12436066175094485*I,0.1384552017650038+0.1243606617514162*I,0.08307312105873019,0.08307312105904732,-0.13845520176456233+0.12436066175169264*I,-0.04459046027426036-0.41453553917096325*I,-0.1384552017642796-0.12436066175094476*I,-0.13845520176456222-0.1243606617516926*I,0.4169268789403767
0.4936089823889432,0.01065169601759424+0.05514712205803687*I,0.01065169601818784+0.055147122057584624*I,0.45810332899506834-0.18382374019334974*I,0.010651696017594234-0.05514712205803688*I,0.006391017610877875,0.0063910176108401655,-0.010651696018694352-0.05514712205782295*I,0.010651696018187802-0.05514712205758459*I,0.006391017610840158,0.006391017610802431,-0.010651696017975013-0.05514712205762423*I,0.45810332899506767+0.18382374019334982*I,-0.010651696018694338+0.05514712205782307*I,-0.010651696017974967+0.055147122057624155*I,0.4936089823889178
0.36903103025245565,0.21828161624507997+0.026167725277310008*I,0.21828161624472986+0.026167725277184615*I,-0.3585743572336711-0.08722575092485867*I,0.2182816162450799-0.026167725277310077*I,0.13096896974677014,0.13096896974655392,-0.2182816162456818-0.026167725277421783*I,0.21828161624472972-0.02616772527718467*I,0.13096896974655395,0.13096896974633782,-0.21828161624531184-0.02616772527746088*I,-0.3585743572336708+0.08722575092485844*I,-0.21828161624568218+0.02616772527742183*I,-0.2182816162453118+0.026167725277460845*I,0.3690310302545061
0.4880752209930922,0.019874631678073514-0.0736558766482153*I,0.019874631678571182-0.07365587664768641*I,0.4218264487307279+0.245519588828262*I,0.01987463167807352+0.0736558766482153*I,0.011924779007042764,0.011924779006983237,-0.019874631678954462+0.07365587664793126*I,0.01987463167857122+0.07365587664768643*I,0.011924779006983223,0.011924779006923679,-0.019874631678258356+0.07365587664772442*I,0.42182644873072744-0.24551958882826214*I,-0.01987463167895449-0.07365587664793123*I,-0.019874631678258356-0.07365587664772474*I,0.4880752209925186
0.3853018062127612,0.19116365631134347+0.08746357951176412*I,0.19116365631176402+0.0874635795122257*I,-0.25191038149428596-0.2915452650390759*I,0.19116365631134355-0.08746357951176414*I,0.11469819378663573,0.11469819378694919,-0.1911636563120191-0.08746357951111222*I,0.1911636563117633-0.08746357951222587*I,0.11469819378694938,0.11469819378726276,-0.19116365631264387-0.08746357951112864*I,-0.2519103814942862+0.29154526503907535*I,-0.19116365631201984+0.08746357951111229*I,-0.19116365631264395+0.08746357951112871*I,0.3853018062140194
0.4887038560567127,0.018826906572034924-0.07187500742713443*I,0.018826906572505225-0.07187500742659662*I,0.42594750081445554+0.23958335809131606*I,0.01882690657203495+0.07187500742713454*I,0.01129614394342356,0.011296143943362627,-0.018826906572920386+0.07187500742685318*I,0.018826906572505277+0.07187500742659676*I,0.011296143943362598,0.01129614394330162,-0.018826906572246806+0.07187500742661505*I,0.4259475008144544-0.23958335809131617*I,-0.018826906572920382-0.0718750074268531*I,-0.018826906572246775-0.07187500742661493*I,0.48870385605608235
0.3680973584268352,0.21983773595448708+0.014979445341156153*I,0.21983773595411688+0.014979445340823145*I,-0.36469509475722794-0.04993148447107292*I,0.2198377359544869-0.014979445341156165*I,0.13190264157240345,0.13190264157216916,-0.2198377359550051-0.014979445341386836*I,0.21983773595411715-0.014979445340823147*I,0.13190264157216916,0.13190264157193465,-0.21983773595459322-0.014979445341666592*I,-0.36469509475722833+0.04993148447107301*I,-0.21983773595500467+0.014979445341386831*I,-0.2198377359545933+0.014979445341666541*I,0.3680973584286143
0.4839133104892689,0.026811149183917457+0.0840578696811828*I,0.02681114918475445+0.08405786968101878*I,0.3945428132078188-0.28019289893702637*I,0.026811149183917526-0.08405786968118263*I,0.016086689510627868,0.0160866895106458,-0.026811149184894578-0.08405786968086909*I,0.02681114918475443-0.08405786968101915*I,0.016086689510645836,0.01608668951066374,-0.02681114918411736-0.08405786968122042*I,0.3945428132078203+0.2801928989370263*I,-0.026811149184894537+0.08405786968086908*I,-0.02681114918411734+0.08405786968121999*I,0.48391331048925057
0.45698041669086825,0.07169930551449386-0.12049197772066877*I,0.07169930551533843-0.12049197772087553*I,0.21798273164118603+0.40163992573651014*I,0.07169930551449383+0.12049197772066855*I,0.043019583308747236,0.043019583308934316,-0.07169930551512856+0.12049197772045617*I,0.07169930551533839+0.12049197772087557*I,0.0430195833089344,0.04301958330912143,-0.0716993055149071+0.12049197772129751*I,0.21798273164118567-0.4016399257365095*I,-0.07169930551512818-0.1204919777204561*I,-0.07169930551490722-0.12049197772129734*I,0.4569804166917937
0.37360618011836116,0.21065636646870345-0.05334236123837916*I,0.21065636646908556-0.05334236123944771*I,-0.32858170811232973+0.17780787079397228*I,0.21065636646870342+0.05334236123837918*I,0.12639381988092985,0.1263938198812981,-0.2106563664685876+0.05334236123778712*I,0.21065636646908603+0.05334236123944765*I,0.12639381988129803,0.12639381988166612,-0.21065636646943264+0.053342361237029304*I,-0.32858170811233023-0.17780787079397253*I,-0.21065636646858785-0.05334236123778716*I,-0.21065636646943248-0.05334236123702927*I,0.3736061801174752
0.37945873004149044,0.20090211659669435+0.07334014427821604*I,0.20090211659688575+0.0733401442786712*I,-0.2902149919501144-0.2444671475940713*I,0.20090211659669446-0.07334014427821614*I,0.12054126995781585,0.12054126995800533,-0.2009021165974177-0.07334014427771793*I,0.20090211659688645-0.0733401442786715*I,0.12054126995800522,0.1205412699581947,-0.20090211659785792-0.0733401442774936*I,-0.29021499195011485+0.24446714759407132*I,-0.2009021165974179+0.07334014427771801*I,-0.20090211659785792+0.07334014427749354*I,0.37945873004329655
0.40554993996164307,0.15741676673001276+0.11629349822768688*I,0.15741676673074462+0.11629349822777399*I,-0.11917261580741964-0.3876449940917555*I,0.15741676673001345-0.11629349822768704*I,0.09445006003795064,0.09445006003825941,-0.15741676673058158-0.11629349822680499*I,0.1574167667307442-0.11629349822777393*I,0.0944500600382595,0.09445006003856786,-0.15741676673087981-0.11629349822747856*I,-0.11917261580741964+0.3876449940917559*I,-0.15741676673058175+0.11629349822680532*I,-0.15741676673087993+0.11629349822747846*I,0.4055499399613664
0.4032365831646082,0.16127236139174403+0.11406040080150441*I,0.16127236139247275+0.11406040080163052*I,-0.13433795481024413-0.38020133600450073*I,0.16127236139174417-0.11406040080150438*I,0.09676341683497754,0.09676341683530466,-0.16127236139231774-0.11406040080062795*I,0.16127236139247214-0.11406040080163078*I,0.09676341683530484,0.09676341683563172,-0.16127236139268006-0.11406040080127294*I,-0.13433795481024377+0.3802013360045007*I,-0.1612723613923179+0.11406040080062814*I,-0.16127236139267978+0.11406040080127267*I,0.4032365831644553
0.3738066256875499,0.21032229051986986+0.054189053747531475*I,0.21032229051977336+0.05418905374782194*I,-0.32726767604798573-0.1806301791586514*I,0.21032229051987023-0.05418905374753145*I,0.12619337431168648,0.12619337431167388,-0.21032229052059853-0.05418905374726935*I,0.210322290519773-0.05418905374782193*I,0.12619337431167393,0.12619337431166158,-0.2103222905206536-0.054189053746968224*I,-0.3272676760479853+0.18063017915865165*I,-0.2103222905205983+0.054189053747269296*I,-0.21032229052065401+0.05418905374696823*I,0.37380662568975365
0.3925360466399438,0.1791065889327435-0.10052017314390868*I,0.17910658893368267-0.10052017314447592*I,-0.2044859164704636+0.335067243812819*I,0.17910658893274362+0.10052017314390868*I,0.10746395335941535,0.10746395335998905,-0.1791065889324962+0.10052017314348964*I,0.17910658893368284+0.10052017314447599*I,0.10746395335998922,0.10746395336056293,-0.1791065889334695+0.10052017314399589*I,-0.20448591647046377-0.3350672438128186*I,-0.1791065889324961-0.10052017314348986*I,-0.1791065889334693-0.10052017314399578*I,0.39253604663833463
0.49904489724477125,0.001591837924661484-0.021773957111675724*I,0.001591837924621289-0.021773957111467183*I,0.4937387708268319+0.0725798570393612*I,0.0015918379246614835+0.02177395711167573*I,0.0009551027551048228,0.0009551027550955941,-0.0015918379257148765+0.021773957111572383*I,0.001591837924621288+0.021773957111467155*I,0.0009551027550955944,0.0009551027550863648,-0.0015918379257243073+0.021773957111360098*I,0.4937387708268315-0.07257985703936119*I,-0.0015918379257148765-0.02177395711157237*I,-0.0015918379257243047-0.02177395711136008*I,0.4990448972435695
0.37346410298759986,0.21089316168644864+0.052732244661823115*I,0.21089316168633548+0.05273224466208518*I,-0.3295131026365263-0.175774148872952*I,0.21089316168644873-0.05273224466182306*I,0.126535897011633,0.1265358970116065,-0.21089316168717676-0.05273224466156935*I,0.21089316168633573-0.0527322446620851*I,0.12653589701160634,0.12653589701157922,-0.21089316168720082-0.052732244661284844*I,-0.32951310263652583+0.17577414887295206*I,-0.21089316168717712+0.05273224466156946*I,-0.21089316168720015+0.05273224466128485*I,0.37346410298981625
0.4984113406753087,0.002647765540124607+0.028014195712272937*I,0.0026477655403819383+0.028014195711855268*I,0.489585455539434-0.09338065237405897*I,0.002647765540124607-0.028014195712272885*I,0.0015886593244210088,0.001588659324398898,-0.0026477655412796967-0.028014195712152475*I,0.002647765540381931-0.028014195711855237*I,0.0015886593243988971,0.0015886593243767855,-0.0026477655409486624-0.028014195711790372*I,0.4895854555394319+0.0933806523740589*I,-0.0026477655412796984+0.028014195712152443*I,-0.00264776554094866+0.028014195711790344*I,0.4984113406749099
0.4516178252867163,0.08063695785469058-0.12388677715717453*I,0.08063695785547229-0.12388677715744387*I,0.18282796576977653+0.41295592385819824*I,0.08063695785469045+0.12388677715717433*I,0.0483821747128307,0.04838217471304419,-0.08063695785523863+0.12388677715698633*I,0.08063695785547226+0.12388677715744405*I,0.04838217471304418,0.04838217471325768,-0.08063695785516864+0.12388677715781012*I,0.18282796576977636-0.4129559238581983*I,-0.08063695785523853-0.12388677715698639*I,-0.08063695785516871-0.12388677715781002*I,0.451617825287579
0.42271375565330166,0.1288104072437513-0.12679841321401447*I,0.12881040724445206-0.12679841321424948*I,-0.006654268493715207+0.42266137738050835*I,0.12881040724375123+0.12679841321401444*I,0.07728624434613399,0.07728624434641804,-0.12881040724385898+0.1267984132138008*I,0.1288104072444521+0.12679841321424976*I,0.07728624434641813,0.07728624434670212,-0.12881040724410506+0.12679841321449792*I,-0.006654268493715204-0.42266137738050863*I,-0.12881040724385903-0.12679841321380095*I,-0.12881040724410509-0.12679841321449803*I,0.42271375565296027
0.46968002465667563,0.050533292238465484-0.10810676732892827*I,0.05053329223932172-0.10810676732890379*I,0.30123571719353887+0.3603558910975725*I,0.05053329223846547+0.10810676732892842*I,0.030319975343168642,0.03031997534325497,-0.05053329223919706+0.10810676732868654*I,0.05053329223932166+0.10810676732890373*I,0.03031997534325503,0.030319975343341403,-0.0505332922386291+0.10810676732932761*I,0.30123571719353864-0.3603558910975721*I,-0.05053329223919694-0.10810676732868654*I,-0.05053329223862904-0.10810676732932775*I,0.4696800246573884
0.4672895108105425,0.05451748198161133+0.11096446570853478*I,0.05451748198238019+0.1109644657087011*I,0.2855645708700731-0.36988155236122455*I,0.0545174819816113-0.11096446570853499*I,0.03271048918920231,0.03271048918933158,-0.054517481982470146-0.11096446570805056*I,0.05451748198238028-0.11096446570870142*I,0.032710489189331504,0.032710489189460776,-0.054517481982131896-0.11096446570876074*I,0.2855645708700735+0.3698815523612249*I,-0.0545174819824701+0.11096446570805045*I,-0.05451748198213193+0.11096446570876084*I,0.46728951081012077
0.4200907738597442,0.1331820435663773-0.12582397195701445*I,0.13318204356708183-0.1258239719572613*I,-0.023849371362685008+0.4194132398571626*I,0.13318204356637708+0.12582397195701417*I,0.07990922613969048,0.07990922613998801,-0.13318204356643054+0.12582397195680564*I,0.13318204356708171+0.12582397195726125*I,0.07990922613998787,0.07990922614028528,-0.1331820435667172+0.12582397195749484*I,-0.023849371362685057-0.41941323985716356*I,-0.13318204356643046-0.1258239719568056*I,-0.1331820435667171-0.12582397195749478*I,0.4200907738592658
0.3680056790191197,0.21999053496743437-0.013372518226271982*I,0.21999053496721863-0.013372518227142827*I,-0.3652961042078069+0.044575060753701816*I,0.21999053496743423+0.013372518226271956*I,0.13199432098015598,0.13199432098005853,-0.21999053496768195+0.013372518225872376*I,0.21999053496721835+0.013372518227142825*I,0.1319943209800586,0.1319943209799613,-0.2199905349675729+0.013372518224981821*I,-0.36529610420780695-0.044575060753701816*I,-0.21999053496768184-0.013372518225872378*I,-0.21999053496757304-0.013372518224981794*I,0.3680056790198628
0.37781648760462605,0.2036391873249375-0.06851296871242597*I,0.20363918732554687-0.06851296871349236*I,-0.30098080348001227+0.22837656237433193*I,0.2036391873249373+0.06851296871242588*I,0.12218351239467092,0.12218351239519273,-0.2036391873247051+0.06851296871192442*I,0.20363918732554684+0.06851296871349237*I,0.1221835123951928,0.12218351239571473,-0.2036391873258348+0.06851296871144315*I,-0.30098080348001266-0.22837656237433193*I,-0.20363918732470493-0.06851296871192439*I,-0.20363918732583478-0.06851296871144318*I,0.37781648760328873
0.4981057530018325,0.0031570783296977377-0.03055434803399453*I,0.0031570783296795044-0.030554348033669545*I,0.4875821585671087+0.10184782678065551*I,0.003157078329697729+0.030554348033994518*I,0.0018942469981045125,0.0018942469980844639,-0.0031570783307071832+0.030554348033851608*I,0.0031570783296795+0.030554348033669586*I,0.0018942469980844645,0.0018942469980644224,-0.0031570783306585828+0.03055434803352983*I,0.48758215856710896-0.10184782678065543*I,-0.0031570783307071854-0.030554348033851618*I,-0.0031570783306585845-0.030554348033529823*I,0.49810575300058946
0.39944500564995855,0.16759165724943842-0.10990553537664907*I,0.16759165725031874-0.10990553537711359*I,-0.1591938518493778+0.36635178458891665*I,0.16759165724943859+0.10990553537664917*I,0.10055499434943363,0.10055499434993077,-0.16759165724920452+0.10990553537635239*I,0.1675916572503186+0.1099055353771139*I,0.10055499434993061,0.10055499435042779,-0.16759165724998173+0.1099055353769746*I,-0.1591938518493781-0.3663517845889162*I,-0.1675916572492044-0.10990553537635236*I,-0.1675916572499815-0.10990553537697458*I,0.3994450056485315
0.4235354911520808,0.12744084807915262-0.1270600785110464*I,0.12744084807980663-0.12706007851132575*I,-0.00126733577959933+0.42353359503742966*I,0.12744084807915265+0.12706007851104636*I,0.0764645088473547,0.07646450884763521,-0.12744084807923098+0.12706007851087817*I,0.12744084807980666+0.12706007851132567*I,0.07646450884763502,0.07646450884791565,-0.12744084807951195+0.1270600785115314*I,-0.0012673357795993266-0.42353359503743054*I,-0.12744084807923103-0.12706007851087836*I,-0.12744084807951228-0.12706007851153128*I,0.4235354911517831
0.4607515528461942,0.06541407858871684+0.11749375002590941*I,0.0654140785894449+0.11749375002607626*I,0.242704624215317-0.3916458334189448*I,0.06541407858871712-0.11749375002590959*I,0.03924844715346701,0.03924844715361293,-0.06541407858957245-0.1174937500253382*I,0.06541407858944501-0.11749375002607611*I,0.03924844715361277,0.0392484471537586,-0.0654140785893308-0.11749375002604473*I,0.24270462421531788+0.39164583341894443*I,-0.06541407858957243+0.11749375002533825*I,-0.06541407858933097+0.11749375002604495*I,0.4607515528456267
0.4925756980614721,0.012373836563382012+0.05919390913440676*I,0.012373836564049964+0.05919390913397055*I,0.451329576181692-0.19731303044756662*I,0.01237383656338198-0.0591939091344069*I,0.00742430193836587,0.00742430193833025,-0.012373836564495573-0.05919390913417449*I,0.012373836564049974-0.05919390913397097*I,0.0074243019383302584,0.007424301938294623,-0.012373836563708876-0.05919390913404229*I,0.4513295761816917+0.19731303044756626*I,-0.012373836564495585+0.05919390913417433*I,-0.012373836563708874+0.059193909134042405*I,0.49257569806147633
0.3714244798016802,0.21429253366296083+0.042834632260718625*I,0.2142925336627581+0.042834632260718104*I,-0.3428839657441158-0.1427821075358151*I,0.21429253366296078-0.042834632260718646*I,0.1285755201975414,0.12857552019742444,-0.2142925336636833-0.04283463226046942*I,0.21429253366275844-0.04283463226071806*I,0.12857552019742458,0.12857552019730698,-0.21429253366349568-0.04283463226039193*I,-0.34288396574411567+0.14278210753581513*I,-0.21429253366368312+0.04283463226046931*I,-0.2142925336634957+0.04283463226039188*I,0.3714244798039216
0.39858485842312236,0.16902523596080551+0.10887152729524158*I,0.16902523596158162+0.10887152729534168*I,-0.16483259478197593-0.36290509098340923*I,0.16902523596080507-0.1088715272952419*I,0.10141514157643561,0.10141514157679218,-0.1690252359614712-0.10887152729427281*I,0.16902523596158164-0.10887152729534166*I,0.10141514157679213,0.10141514157714883,-0.169025235961883-0.10887152729493843*I,-0.16483259478197596+0.36290509098340923*I,-0.16902523596147087+0.10887152729427314*I,-0.16902523596188274+0.10887152729493864*I,0.398584858423261
0.45716848248044095,0.07138586253197851-0.12035480255121364*I,0.07138586253271537-0.12035480255148283*I,0.21921560737248966+0.4011826751720522*I,0.07138586253197854+0.12035480255121361*I,0.04283151751917596,0.04283151751936196,-0.07138586253250616+0.12035480255106536*I,0.07138586253271528+0.12035480255148288*I,0.04283151751936188,0.04283151751954783,-0.07138586253238918+0.12035480255184129*I,0.21921560737248957-0.40118267517205214*I,-0.07138586253250595-0.12035480255106545*I,-0.07138586253238906-0.12035480255184143*I,0.4571684824813671
0.48879161893312173,0.01868063511142736-0.07162120216248136*I,0.01868063511181168-0.07162120216196356*I,0.4265228352262435+0.23873734054294415*I,0.018680635111427337+0.07162120216248131*I,0.0112083810670144,0.011208381066953254,-0.018680635112231447+0.07162120216222181*I,0.01868063511181166+0.07162120216196399*I,0.011208381066953276,0.011208381066892098,-0.018680635111643255+0.07162120216195775*I,0.42652283522624307-0.23873734054294476*I,-0.01868063511223136-0.07162120216222165*I,-0.018680635111643275-0.07162120216195791*I,0.488791618932485
0.4120917287672349,0.14651378538736487-0.12149066695215291*I,0.14651378538804807-0.1214906669525356*I,-0.07628755585848548+0.40496888984110957*I,0.146513785387365+0.12149066695215277*I,0.08790827123219393,0.0879082712325498,-0.14651378538720758+0.12149066695202122*I,0.1465137853880484+0.12149066695253566*I,0.08790827123254973,0.08790827123290554,-0.14651378538771043+0.12149066695262195*I,-0.07628755585848546-0.4049688898411103*I,-0.14651378538720747-0.1214906669520213*I,-0.14651378538771062-0.12149066695262208*I,0.4120917287663471
0.43504123137596146,0.10826461437230604+0.12860216158945176*I,0.1082646143730159+0.12860216158931279*I,0.0741591834661961-0.42867387196370654*I,0.108264614372306-0.1286021615894519*I,0.06495876862356888,0.06495876862370469,-0.10826461437310674-0.12860216158855614*I,0.108264614373016-0.12860216158931287*I,0.06495876862370474,0.06495876862384004,-0.10826461437284848-0.12860216158923177*I,0.07415918346619622+0.42867387196370715*I,-0.10826461437310649+0.1286021615885561*I,-0.10826461437284854+0.12860216158923166*I,0.4350412313750822
0.38883938518968,0.18526769134994744-0.0943372018970008*I,0.18526769135074894-0.09433720189790358*I,-0.2287195859780871+0.3144573396568439*I,0.18526769134994775+0.09433720189700051*I,0.11116061480965972,0.11116061481026052,-0.18526769134956764+0.09433720189677451*I,0.18526769135074894+0.09433720189790347*I,0.11116061481026049,0.11116061481086145,-0.18526769135076934+0.09433720189689172*I,-0.22871958597808667-0.31445733965684325*I,-0.18526769134956783-0.09433720189677469*I,-0.18526769135076931-0.09433720189689174*I,0.388839385188031
0.4936908203243917,0.010515299459182437-0.05481069755945894*I,0.010515299459315907-0.05481069755893646*I,0.45863982212483834+0.18270232519961838*I,0.010515299459182404+0.054810697559459*I,0.0063091796757009,0.006309179675645761,-0.010515299460026994+0.05481069755923634*I,0.01051529945931586+0.05481069755893664*I,0.006309179675645736,0.006309179675590622,-0.010515299459709733+0.05481069755880044*I,0.4586398221248385-0.18270232519961876*I,-0.010515299460027-0.054810697559236295*I,-0.010515299459709705-0.05481069755880028*I,0.49369082032333805
0.4408936010592487,0.0985106649000547+0.12788777101573442*I,0.09851066490080085+0.1278877710156257*I,0.11252471805706261-0.4262925700511274*I,0.0985106649000545-0.1278877710157345*I,0.059106398940278186,0.05910639894041327,-0.09851066490093681-0.12788777101485804*I,0.09851066490080077-0.1278877710156255*I,0.05910639894041333,0.05910639894054832,-0.09851066490064082-0.12788777101555165*I,0.1125247180570629+0.42629257005112764*I,-0.09851066490093685+0.12788777101485782*I,-0.09851066490064077+0.12788777101555152*I,0.4408936010583967
0.391010249727144,0.18164958378755933-0.09807924439676886*I,0.18164958378832072-0.09807924439769793*I,-0.21448836289927037+0.3269308146563067*I,0.18164958378755952+0.09807924439676903*I,0.10898975027220657,0.10898975027279338,-0.1816495837871315+0.09807924439665436*I,0.18164958378832055+0.0980792443976981*I,0.10898975027279333,0.10898975027338013,-0.18164958378832594+0.09807924439678149*I,-0.21448836289927062-0.3269308146563068*I,-0.18164958378713147-0.09807924439665426*I,-0.18164958378832613-0.0980792443967814*I,0.39101024972551235
0.43276101579988463,0.11206497366569314+0.1286073589686847*I,0.11206497366650336+0.1286073589684442*I,0.05921110357883522-0.42869119656081567*I,0.11206497366569292-0.12860735896868425*I,0.06723898419964879,0.06723898419978723,-0.11206497366657175-0.12860735896768896*I,0.11206497366650349-0.1286073589684442*I,0.06723898419978741,0.06723898419992583,-0.11206497366622276-0.1286073589684589*I,0.05921110357883501+0.4286911965608161*I,-0.1120649736665715+0.1286073589676889*I,-0.11206497366622277+0.1286073589684589*I,0.4327610157990058
0.4564392468252481,0.07260125529005529+0.1208796719897804*I,0.07260125529091216+0.12087967198982694*I,0.2144350625232419-0.40293223996443145*I,0.07260125529005533-0.12087967198978057*I,0.0435607531743673,0.04356075317451579,-0.07260125529106048-0.12087967198905908*I,0.0726012552909119-0.12087967198982677*I,0.043560753174515736,0.04356075317466424,-0.072601255290699-0.12087967198983685*I,0.21443506252324215+0.4029322399644321*I,-0.07260125529106047+0.12087967198905922*I,-0.07260125529069873+0.12087967198983735*I,0.45643924682459436
0.3786835645895866,0.20219405901679782-0.0711203395841432*I,0.20219405901730675-0.07112033958558214*I,-0.2952966321345262+0.2370677986141353*I,0.20219405901679768+0.07112033958414325*I,0.12131643540971213,0.12131643541025416,-0.2021940590164132+0.07112033958404353*I,0.20219405901730675+0.07112033958558213*I,0.1213164354102541,0.12131643541079608,-0.20219405901771104+0.07112033958323988*I,-0.2952966321345267-0.23706779861413518*I,-0.2021940590164135-0.0711203395840435*I,-0.20219405901771106-0.07112033958323995*I,0.3786835645881885
0.37814112145400286,0.20309813090944975-0.0695054113960387*I,0.20309813090991843-0.06950541139755263*I,-0.29885264824562074+0.23168470465388025*I,0.2030981309094502+0.06950541139603862*I,0.12185887854529431,0.12185887854582404,-0.20309813090905668+0.06950541139599539*I,0.20309813090991835+0.06950541139755262*I,0.12185887854582404,0.12185887854635384,-0.20309813091035434+0.06950541139508566*I,-0.29885264824562086-0.23168470465387997*I,-0.20309813090905696-0.06950541139599539*I,-0.20309813091035392-0.06950541139508563*I,0.3781411214526416
0.39724203643403155,0.1712632726090436+0.10718523294661096*I,0.17126327261002156+0.10718523294639112*I,-0.17363553893179912-0.35728410982048114*I,0.1712632726090432-0.10718523294661128*I,0.10275796356551388,0.10275796356587633,-0.171263272609931-0.10718523294530588*I,0.17126327261002172-0.10718523294639128*I,0.10275796356587617,0.10275796356623855,-0.17126327261016092-0.10718523294628116*I,-0.17363553893179925+0.3572841098204812*I,-0.17126327260993093+0.10718523294530573*I,-0.1712632726101608+0.10718523294628121*I,0.39724203643426786
0.49940228497561534,0.0009961917062430543+0.017248415895031476*I,0.0009961917063784566+0.017248415894707964*I,0.49608164595267906-0.057494719648384665*I,0.000996191706243054-0.017248415895031465*I,0.000597715024107542,0.0005977150240966382,-0.0009961917073935782-0.017248415894954593*I,0.000996191706378455-0.01724841589470791*I,0.0005977150240966397,0.0005977150240857358,-0.0009961917072218332-0.017248415894648813*I,0.4960816459526785+0.05749471964838456*I,-0.0009961917073935797+0.01724841589495459*I,-0.0009961917072218327+0.01724841589464877*I,0.49940228497501327
0.45941415988631984,0.06764306685587611-0.1186175583346709*I,0.0676430668562965-0.11861755833509667*I,0.23393727036539197+0.3953918611181427*I,0.06764306685587623+0.11861755833467107*I,0.04058584011333345,0.040585840113505245,-0.06764306685609706+0.11861755833470378*I,0.06764306685629638+0.11861755833509648*I,0.0405858401135053,0.04058584011367705,-0.06764306685624928+0.11861755833528183*I,0.233937270365392-0.395391861118142*I,-0.06764306685609699-0.11861755833470337*I,-0.06764306685624927-0.11861755833528202*I,0.45941415988724504
0.49272074807705396,0.01213208653827827-0.05864683221792117*I,0.012132086538287339-0.05864683221742421*I,0.4522804596139404+0.19548944072898702*I,0.012132086538278238+0.058646832217921274*I,0.007279251923055583,0.007279251922996653,-0.012132086538934899+0.05864683221772471*I,0.012132086538287387+0.05864683221742419*I,0.007279251922996666,0.007279251922937719,-0.01213208653872938+0.05864683221727203*I,0.45228045961394103-0.19548944072898683*I,-0.012132086538934973-0.05864683221772477*I,-0.012132086538729386-0.058646832217272085*I,0.4927207480760748
0.37622537777254755,0.20629103704528967-0.06333373540768619*I,0.2062910370455736-0.06333373540958696*I,-0.3114114123799017+0.21111245135993129*I,0.20629103704528973+0.06333373540768619*I,0.12377462222674575,0.12377462222722152,-0.20629103704484145+0.06333373540797231*I,0.2062910370455732+0.06333373540958707*I,0.12377462222722149,0.12377462222769699,-0.20629103704614282+0.06333373540655811*I,-0.3114114123799016-0.21111245135993137*I,-0.20629103704484142-0.06333373540797226*I,-0.20629103704614266-0.06333373540655808*I,0.37622537777134724
0.4985584932070091,0.0024025113205342315+0.026700250820543482*I,0.0024025113208260567+0.026700250820130687*I,0.49055012213653876-0.08900083606605992*I,0.0024025113205342267-0.02670025082054347*I,0.0014415067927181459,0.001441506792697443,-0.0024025113217398053-0.026700250820423533*I,0.002402511320826054-0.026700250820130673*I,0.001441506792697441,0.0014415067926767374,-0.0024025113213789664-0.026700250820069445*I,0.49055012213654103+0.08900083606605969*I,-0.0024025113217398053+0.026700250820423512*I,-0.0024025113213789746+0.02670025082006947*I,0.4985584932065865
0.3710271962528495,0.21495467291140555-0.04058209408669489*I,0.21495467291136514-0.0405820940888434*I,-0.3454883801202146+0.13527364695686356*I,0.21495467291140594+0.04058209408669494*I,0.12897280374644043,0.1289728037466518,-0.21495467291118658+0.040582094087210904*I,0.21495467291136522+0.04058209408884347*I,0.12897280374665174,0.12897280374686312,-0.21495467291193202+0.040582094085195405*I,-0.34548838012021493-0.13527364695686347*I,-0.21495467291118667-0.04058209408721083*I,-0.21495467291193224-0.04058209408519542*I,0.37102719625244435
0.3731994247035891,0.2113342921594783+0.05157246076997183*I,0.21133429215962635+0.05157246076908789*I,-0.33124821583047687-0.17190820256475706*I,0.21133429215947835-0.051572460769971816*I,0.12680057529564273,0.1268005752956044,-0.21133429216047964-0.051572460768602016*I,0.21133429215962646-0.051572460769087926*I,0.12680057529560446,0.12680057529556596,-0.21133429216020438-0.05157246076945473*I,-0.33124821583047703+0.17190820256475736*I,-0.21133429216048005+0.051572460768602134*I,-0.21133429216020402+0.05157246076945482*I,0.3731994247058131
0.4998373546120398,0.00027107564555175074+0.009012366965362534*I,0.00027107564561948037+0.00901236696513394*I,0.49893376912466786-0.030041223214702154*I,0.00027107564555175015-0.009012366965362536*I,0.00016264538769229965,0.00016264538768821527,-0.0002710756466999018-0.00901236696532113*I,0.0002710756456194806-0.009012366965133954*I,0.00016264538768821535,0.00016264538768413046,-0.0002710756466185567-0.00901236696509705*I,0.49893376912466786+0.030041223214702196*I,-0.00027107564669990084+0.009012366965321122*I,-0.0002710756466185561+0.009012366965097034*I,0.4998373546112808
0.39217877737599055,0.1797020377066296-0.09996185726416568*I,0.1797020377069099-0.09996185726592548*I,-0.2068280149806204+0.3332061908828672*I,0.17970203770662974+0.0999618572641656*I,0.10782122262336653,0.10782122262394353,-0.17970203770572224+0.09996185726492604*I,0.17970203770691015+0.09996185726592544*I,0.10782122262394364,0.10782122262452065,-0.17970203770736556+0.09996185726423627*I,-0.20682801498061998-0.3332061908828666*I,-0.17970203770572243-0.09996185726492621*I,-0.17970203770736523-0.0999618572642361*I,0.3921787773743751
0.4218728647249563,0.13021189212521925-0.12650921515908892*I,0.13021189212501041-0.12650921516026434*I,-0.012166775693528507+0.42169738386703587*I,0.13021189212521928+0.1265092151590889*I,0.07812713527447827,0.07812713527476632,-0.13021189212439904+0.12650921515981417*I,0.13021189212501041+0.12650921516026453*I,0.07812713527476646,0.07812713527505438,-0.13021189212556797+0.12650921515957153*I,-0.012166775693528451-0.4216973838670366*I,-0.1302118921243991-0.1265092151598142*I,-0.130211892125568-0.12650921515957134*I,0.4218728647245715
0.40686079887355014,0.15523200187766106-0.11746367680933771*I,0.15523200187755107-0.11746367681089971*I,-0.11057920738635514+0.3915455893677877*I,0.15523200187766076+0.11746367680933768*I,0.09313920112586735,0.09313920112627626,-0.1552320018765863+0.11746367681030864*I,0.1552320018775511+0.11746367681089967*I,0.0931392011262763,0.09313920112668535,-0.1552320018780592+0.1174636768097784*I,-0.11057920738635513-0.39154558936778827*I,-0.15523200187658634-0.11746367681030871*I,-0.1552320018780597-0.11746367680977854*I,0.4068607988724178
